8824;5047;3258;9401;8222;7595;3031;8524;4439;5416;3897;6247;8257;8826;8658;2514;2650;5367;3740;7257
6083;7877;1407;3916;2470;2472;1042;5008;7505;681;5731;2134;6797;9666;8983;2125;1389;2851;6427;8256;3216;345
5982;944;9578;2015;8850;7074;3466;7075;7425;4180;7067;5253;1650;3101;1667;5627;4920;6688;5996;3088;7800;3836;946
9979;7097;5300;261;1337;7459;5302;5664;4583;1349;9611;7472;2056;6004;7105;1691;8173;627;8191;8534;5289;7091
9278;8557;278;3522;7847;4608;5689;6032;5681;7492;3876;1000;4613;6409;9633;4614;8211;997;988;9631;9632
7189;4669;3950;4304;7908;6113;5024;2505;2149;8999;7196;8994;7558;5749;8621;1068;1447
6998;6639;514;1235;881;5558;5914;2688;3036;8447;6276;9889;9881;3770;168;1953;1241;6647;1608;5547;2330;6987
8345;59;6898;56;2580;5100;6908;60;2941;1515;9437;5815;6169;9066;5841;2939;6888;75;9438;6564;5463
2703;6658;1258;7741;7389;7749;4867;5583;7029;3065;1627;7748;8816;8113;910;4876;7396;3427;4497
2262;818;816;8019;9095;7662;6577;9094;3696;8743;8751;1531;4420;93;4056;2986;4429;2634
3611;370;2533;7568;368;3967;1091;1089;6493;8284;2169;3616;4699;4680;7221;8643;1821;1444;9736;4695;6481;3;2543;9366
3123;6722;4203;4200;4563;6005;1677;2049;4564;6354;960;7438;2403;4209;1674;5278;1315;7790
1565;9124;4803;9126;5882;4442;8765;1209;7325;6599;2652;4078;4813;3721;477;3370;8774;3004;9135;9836;4454;835;5895
8119;5603;3081;4878;558;7041;4883;1280;4161;3086;7763;5955;8121;7394;566;9929;550;9915;212
2290;1582;4821;8778;1941;4463;4823;1942;6983;2304;6234;4793;9832;4447;1550;1557;2295;2666;6242
3225;2145;3224;5745;6467;7182;2148;7905;9704;9342;3583;350;5392;5738;6097;5026;9703;1780;9353;4313;5016;9706;1069
4678;6839;4677;8279;6116;3236;2880;6123;9356;6482;9715;3961;8287;5036;6485;1450
3921;8239;6800;4999;6436;6441;8238;3922;6434;3204;5353;689;5726;2841;6792;316;1411;7871;4277;9668
5490;90;2249;4408;8368;450;9447;452;1893;5127;814;2612;5128;2615;4405;7297;7286;8726;1167;7657;9440
748;749;6151;1469;5430;4707;4715;8668;7226;6870;5435;2913;1471;1479;1116;9043;4723;9762;1481;9388
8415;5896;8414;7336;3377;3017;4812;6258;131;8058;6980;6260;9140;860;9500;4810;4097;9138;3369;1569;8053;2656
3066;3426;906;4145;7743;9550;5942;187;7031;8821;6312;901;6662;4150;8471;190;3430;8107;4858;9554;9178;3783
6782;3180;6422;4982;3905;9304;8947;1380;5336;4263;6055;6428;8585;5699;9665;9657;9663;5345;8571;4979;4621
7603;5805;2566;4363;401;3291;2208;7242;2565;7249;3653;4730;1135;8327;1115;5433;4725;5440
8973;1054;2497;333;3576;8613;5372;693;5373;5736;2138;3580;1767;1781;5737;1059;7160;5380;3932;3562;4665;3920;7907;9677;9673;4989
3032;2671;3030;6631;5915;1236;6632;6635;7707;868;6985;1596;9517;3383;8081;1587;3026;505;4825;3033;157;7363;5182;2663;1237;885;6281
8483;563;1641;9204;9922;8843;7046;8127;9567;2723;1638;7770;1997;4520;3808;5237;5609;8486;6326;555;1637
4269;2109;3908;6429;3188;7151;2113;2112;3545;3909;7145;7863;6432;4629;1746;301;6781;665
4131;891;5209;1973;8451;4855;5207;893;8809;5934;537;172;9176;7726;6292;523;3777;3421;5567;7736
832;4071;2994;4794;4431;472;8750;2627;3349;107;1546;8758;7666;8025;6225;8024;9824;1545;2636;476;7678;3360;5875;3350
3147;7108;2064;6384;5670;6745;4224;1710;9271;9988;632;5671;9993;4591;7114;8541;9263;623
6887;768;6168;8687;3287;8325;9044;9766;6892;9411;5081;7971;4013;761;7612;41;5438;1856;6890;8326
9022;5780;7944;5424;4702;5418;6139;378;2900;6141;2187;6507;1108;4347;1465;7947
7418;4176;4181;6342;5254;4900;5259;5260;4903;6705;4546;5985;3818;8506;8146;2027;3108;7420;7780;6709;5969;8869;1655;3831
4249;2451;5685;654;8214;9286;6049;9284;8209;6761;3161;9641;1002;2457;8937;5337;1361;4255;4616;9298;1017;3179
9503;8783;6982;8425;8060;8063;1219;3742;3745;6979;3748;5903;4822;4462;507;8056;4456;2672;5900;4468;9863;3028;8793;8412;7714
8864;1666;4906;2386;9582;2746;6702;3107;1663;9229;9580;3106;6351;6706;8870;4911;3100;5265;9234
3319;7281;7996;9079;5837;5480;8354;793;9802;442;802
6931;5852;8374;4768;9812;4409;5847;4414;9813;6214;7647;2256;455;6217;6937;9455;9817;4051;9804;3326;1524;2603;3683;3338;2964
4329;8288;5410;2532;4692;4326;5771;2892;8292;8286;2891;8654;1804;7932;7206;9734;3242;733;7562;8297;6495;9377;6135;377;6480;358
2031;4550;3112;3837;8519;8513;1680;1311;2401;9596;9235;3484;2397;6724;8158;3120;7436;963;6367;2052;2054
553;8834;3073;7036;8114;1996;197;1991;7038;6314;7402;4884;3072;196
7720;8076;1955;3400;3397;1966;9518;3762;1599;4486;3049;8453;7359;8079;8802;5924;6650;7730;8452;4472;7715;3396;3409
5878;6238;5160;9123;9478;4084;3725;2992;3365;7326;9847;6602;6967;7310;6594;9470;7671;6952;9466
2219;9420;2940;6540;5462;783;4017;8343;4385;2943;787;65;7260;6180;1865;9414;6190;6907
4390;5111;71;7270;1872;5832;4032;9432;4394;1150;1517;4753;2598;2958;9439;799;79;2237;5121
2844;9323;684;2846;8961;5361;9321;1760;686;6799;1409;3197;1766;6807;8971;8969;7518;7885;1762;3563;6084;3559;6094
6150;7588;5431;6148;6153;34;2549;6869;7591;9391;1103;5063;4350;3997;3271;1112;394;4338;8311;7949;9030;2906;6882;5069
8021;463;1543;461;6222;4780;9464;819;9458;2258;9461;8742;2988;8723;5870;8754;9441;7304;4061
1256;1617;9540;4139;5214;4861;4499;542;9894;8100;1983;4500;895;9542;2699;6667;4140;3407
2444;8202;6767;1005;282;1718;9999;637;6759;7478;9274;5334;7115;635;7137;7838;998;3900;8909;5665
2898;7577;3618;23;9376;7579;2545;4335;27;6131;2902;3972;1813;8659;728;3607;5421;3990;7587;2544;3268
6905;6906;9785;784;6187;8346;1506;7626;8344;61;9062;1503;791;66;7632;1512;8706;6544
8940;2822;2101;5703;7140;5709;5706;3906;7138;6078;2114;672;6415;4985;8218;5347;1734;4977;8580;7146;4266
4353;5072;399;5080;7238;8321;5788;5797;3638;8681;2550;40;9387;4709;9397;3630;6520;4726
3943;3223;342;6464;341;5744;3221;702;3942;7545;3579;344;9705;6827;7899;5381;1421;6824;4667;3945;2142
9615;6376;3495;2053;5655;615;612;4938;5293;2771;9970;7100;3850;8896;8181;2062;9976
5591;5951;1272;911;1629;4509;3070;9912;4868;3794;5587;1635;4158;4873;9916;6680
351;4671;4672;9709;8630;2875;7187;9351;3235;5747;6829;3596;355;5038;3229;4668;715;5033;3233;7913
9629;3510;8910;269;2787;2429;270;3866;8546;7471;3146;9268;273;6385;4232;7467;8185;2068;9635;5303;7822;8908
9484;6243;5525;6605;125;1203;4443;4445;6604;8042;9845;841;5167;4802;119;5527;5889;4809;4446;1930;478;3729
2413;972;9971;6378;6009;3132;258;8527;5659;8900;624;8890;7443;6356;4559
6941;5861;2982;6582;106;100;6576;6580;3342;97;5864;1903;1898;9814
5251;931;5612;930;211;2369;8131;6692;9935;8134;2734;8849;8138;4895
6248;4087;128;6971;8052;3730;9851;5893;8770;3375;9132;8035;117;7338;6244
5763;7922;9363;6840;3600;9720;5404;7199;7559;5762;4682;3962;6488;2166;2881;7557;3243;4688;6476;1436
1688;5647;6008;2048;2051;3844;9610;4928;7446;8525;2406;6011;3126;601;6371;1331
8350;5110;7991;3312;1153;9429;9788;7989;9074;8355;2228;5465;6553;785;5474;7266;3314
2398;598;7078;8159;5636;4555;9238;956;3480;5633;5275;5634;7073;6357;9956;1314;7799;3471;8879
1594;8072;9515;8792;2311;5550;156;151;7360;148;2308;6988;6634;7355;8796;9521;7708;4842;4122;3749;4843;7364
1911;831;4791;2269;5512;5148;5508;6955;3713;9834;3707;4074;1915;8033;8755;9475;5150;1918;5157;3352;5876
4006;9050;3647;4007;9403;4732;4368;5810;9053;774;1485;1132;5446;6167;6527;2925;4011;412;6881;1838;8696
3504;4942;4233;9616;8906;7096;8917;3145;6397;3502;6758;8197;3878;4223
4521;5960;2362;7762;1999;1643;7037;8480;4522;5246;3803;2720;561;2728;4527;8489;7403;5952;570
6925;6204;5483;5843;2965;5486;6924;6927;9446;2251;2972;5123;6207;8359;8360;8734;5119;3675;9087
6345;5264;223;4902;9222;8149;7068;4545;1309;229;2029;5631;2739;3469;2390;951;2380;591;6701;934;7413
2696;3056;2338;7738;9171;8450;1616;8817;2333;181;3776;3420;3768;8103;5572;3423;8093;8806;4143;6286;3412;5935;3779;6287;6657;5218
1049;8970;5369;8967;2849;3207;3931;692;7173;9693;6812;8972;3933;7172;2130;7528;7174
3238;1078;4318;3240;4676;2160;719;4681;8995;5395;9719;2159;1075;6836;9362;3594;8634;9360;4679;7555;7917;9718;1077;2874;1080;2520
4635;9316;1394;6077;5357;1038;8591;3914;9317;673;2830;6073;1402;4988;4993;1752;1753;307;6076
2440;9640;8561;2079;3881;2078;6399;3158;643;5677;2084;4596;5322;5324;8925;5684;2797;7116;9994
4226;3880;4962;2431;1706;7828;6012;1712;9628;8176;7456;2448;3515;4592;7468;1692;4234;4943;253
9337;8619;7175;5374;340;7177;8975;4293;1782;2493;699;2857;6457;4658;5010;2139;5025
2416;7816;7815;6377;2417;618;3496;6734;8540;8174;8538;616;611;7461;3854;1698;4217;9982;7810;4570;6381;8895;3489
5487;86;8730;3688;1168;8003;451;4765;4771;3690;6929;8010;3330;6562;1162;812;9083;8008;5851;2613;9452
7365;5206;2685;1243;7727;3403;9882;5922;7002;6284;9887;5208;3047;525;1963;2320;166;5563;8442;1959
6007;2405;5646;605;5645;3486;7447;4929;6723;6730;7801;2767;5643;1689;5285;5280;2400;2761;2763;7444;2399;3483
2955;3680;7264;8704;4757;4381;1516;76;7262;9793;8339;7619;6538;4038;3663;6918;81;424;8702
657;6056;297;4254;2820;9300;300;9654;4252;8221;2097;6779;3177;4251
9504;8423;2665;7704;5545;862;3386;3741;3747;8064;1580;5907;500;9148;140;6621;7701
9122;9843;7683;1924;7328;2646;1562;3723;6610;8410;1922;5520;1568;4077;2649;8768;7684;2642;5516
7049;8851;2368;8126;9211;9565;2005;8493;7771;7051;9571;8124;3804;3807;5971;5255;5602;8133;924;9575;2736
7929;1809;5048;6130;6847;9012;9370;371;2889;2164;373;7210;3965;4689;3614;5776;2165;8283;7209;6849
5774;4703;3625;5423;6861;6475;3232;8663;8631;7231;7946
499;1939;2659;1579;9859;6978;3018;863;9854;8418;8773;6624;6617;4814;137;6616;495;1577;5184;9143;7706;1586;3731;4818;7705;9131;2297
908;7388;9548;5589;8828;9186;5948;192;2351;5953;9183;1633;7747;2710;3434;5224;907;9549;4155;3782;7755;2702
4265;6424;3185;2105;1747;6065;2825;3903;1386;1029;3190;2461;3183;1020;9309;4627;6071
8437;7356;3756;4476;4119;4836;8800;5917;3755;1957;9512;882;1593;9879;8791;3039;4470
6715;3117;8156;5632;1672;2033;5637;6717;5277;8151;9958;5639;9598;6714;4914;230;958;8880;8512;9600;4556;9960;4190
1111;392;3988;5789;5793;4714;2188;9029;1114;7592;2552;7234;746;3267;2557
8459;7379;900;3778;2697;902;5938;8463;1982;2337;9180;3422;7020;7017;6660;6303;9543;3774;8105;4856;1259
5355;9675;3195;6435;9315;2115;6795;4637;8598;8958;3919;319;4271;7872;1396;7515;6440;2121;1761
7547;1787;348;6468;4308;1788;9345;6107;6110;710;2870;4303;3231;7183;2511;1066;8265;3946;2865;2508;2143;7192;7543;9710;5032;1789;4302
8496;2376;2374;6338;4899;9219;9220;4897;1660;7052;940;8852;7412;1661;5621;4172;8495
1673;3113;7434;1675;5274;2389;8876;593;7070;3110;2037;4554;2388;4548;7792;948;589;9945
6935;8376;7292;1896;5135;4057;8378;1178;3339;4417;815;3335;5855;4421;7656;8014;4412;101
1370;6410;2810;291;2089;3891;6053;2814;3166;2811;6766;1730;2805;9646;2454;3164
7617;8338;5459;9415;4377;2935;3654;4739;4380;1499;5819;9055;3659;2220;2573;9416;6539;772;1136;6182;2944;1864;9410
8662;3621;9385;4700;5779;8302;2899;2178;7938;6501;1105;3617
3751;5191;6270;2667;8435;866;8069;4113;8077;5557;5912;7716;5192;1588;7347;2318;874;6265;3384;143;9155;5560;4826;3027
4281;6081;7162;7520;8242;5721;5363;5002;7523;5362;7881;5359;4642;4645;9679;8244;3566;9322;8601
9995;8556;6394;2436;8198;4593;2434;6751;9636;631;1357;1714;4590;271;8190;6039;3520;4599;2790;6041;641;3509;6401;8200;992
5043;4325;3603;9006;9001;6126;5405;7567;6842;7560;1439;721;3237;4328;9369;8647;6124;1807;9357;5398;1435;9364
820;2261;5862;2260;8738;9099;6579;5503;2977;4422;5497;9822;4065;1186
136;4095;4455;7335;7334;9495;6973;5181;3372;6977;5902;6622;5530;4090;6263;2291;1927
3309;5108;4027;4749;7631;9786;6552;433;9426;7633;7992;4033;2233;3310;2592;9423;9424;5103;5112;3674
7374;5575;533;3054;1974;174;7375;2336;532;8091;6297;7372;5215;6654;539;5929;4491
9947;4187;4547;587;1304;8867;7423;8862;2384;8508;5261;8865;7066;4542;7058;3098
77;6198;798;2238;7279;5836;7280;1157;4396;4761;1878;5477;803;8722;2234;6563;4043;4755;4044
7510;7149;8229;8951;8948;6068;3548;2466;2826;2465;7864;5713;3546;3551;8236;669;7154;8223
4418;7299;8016;2616;5141;6939;8735;3334;4058;8013;9098;5140;3336;2252;5856;453;6211;2625;2266;2610;8737
1725;9645;1724;6406;5325;9643;2447;2443;642;3888;2081;2082;8201;1004;7128;1722;1363;3884;4609;4965;8919;8203;3524;7840;8564
1962;6640;8083;521;8799;159;5203;5199;3042;3758;6285;6641;9880;3045;9159;8804;4479;1965;7007
4652;4651;1413;4294;2495;8249;2854;4296;1769;1056;8974;7527;5371;8247;2137;3577;698;9326;7538;2856;9696
8638;4674;5757;7915;9002;6472;7914;2872;9713;2152;8272;8640;3245;8645;7205;1084;2522;6478;354;4314;7556;5040
8139;2019;2737;5976;4536;3814;6334;6694;9934;4894;9573;2733;1654;8855;571;6691;5615;2010;8494
5672;5311;1351;1350;7474;4589;1356;636;4957;4588;2426;626;8913;3507;4228;986;4945;4584
1338;9617;6740;6738;3140;9256;980;2422;7814;2423;8543;9614;3501;7824;9983;7104;6023;264
8101;9903;8458;4142;7739;9904;544;898;9906;7023;8466;9536;9545;8467;8465;1987;548;3069;3788
5594;8476;2715;554;7034;3437;9197;6311;5592;9557;4877;8470;3436;4160;5601;7400
1554;5874;3355;1553;116;1916;5515;4796;3717;2998;4434;9115;4433;7677;5877;6960;5881;9833
6683;5962;2004;564;2361;5605;7043;1283;5600;4880;1647;9562;9564;7408;204;6685;2717;6689;5963;3447;1277;4169
8027;9468;8029;7309;4427;4425;5149;3708;6593;8753;5873;473;6950;3354;2626;2275;6588;7663;2273;5158
3686;805;6928;1526;9449;3329;3691;9803;5846;2969;5844;8005;7643;3324;8366;2601;9798;3328;4763;8001;4770;8729;9811
959;2039;4558;241;9242;8883;9963;9601;8884;7807;9966;2769;8889;9247
1811;3970;5412;13;1092;6494;7569;2531;9007;372;8291;2526;3977;2886;4696;3609;7935
44;4004;2924;403;3642;3282;1122;402;6165;400;2200;2204;8322;5089;5086;3998;6519;3641;3288;9051
2183;6143;1104;9021;1825;4340;4346;9020;386;2546;3259;7945;8300;6859;2538;5428;387;1107;3989;5422;3987;8308;4345;8670
8331;6891;50;4370;3292;3293;6175;7255;4733;7972;2211;5814;409;4378;1486;1847;4727;778;1123;4375
6079;7878;9678;682;9681;4636;320;5364;6075;2110;8603
2090;6047;8206;2449;1008;4605;8931;1367;7123;2803;2456
8266;7188;708;704;5029;7184;3228;5389;703;6104;5382;7903;4300;7911;3939;8986;5748;7541;8267;8271
923;5244;2721;920;3079;9568;9556;5233;3795;3810;207;2009;6673;4870;4516;5248;5239
430;2947;1146;4034;3307;7987;6186;5117;2589;3669;1510;1505;1875;3666;3305;4386;1861;5101;6902
5290;5650;7090;609;7448;3493;6368;6013;614;7809;3488;2775;608;1323;9972;964;3846;5649;8171
9911;4513;8469;2711;9908;4147;3071;549;9189;5954;9185;7758;4154;5228;6675;9913;6678;5231
9036;6156;6875;3996;2917;1113;1473;4711;9752;8677;9398;398;3276;1468;5079;1120;4720;8675;9039
5305;8904;9264;1346;5307;989;4585;6746;267;2065;7101;2420;1340;9639;4940;629
4805;6245;1206;6246;124;3364;4804;843;8407;4808;3726;3727;3361;4086;3008;3362;120;7679;3371;1559;1199;5885;5880;8763;2292
9034;6515;3274;5796;6513;3992;7954;8678;7589;5795;5437;9037;8679;9032;3632;1829;8680;3270;2562
4477;4117;9516;5916;2315;9154;8794;6633;3038;7353;4480;4833;7712;518
9860;1940;2661;6261;7698;3378;1223;1936;7339;1585;504;6257;5179;5176;139;4106;1945;6266;6975;4815;5187;4101;5172
8976;6816;695;9697;4654;8614;2500;6814;3210;6455;6449;6092;2501;3213;9330;4291;3209;7900;1775;339;5021;8968
4020;9059;779;3301;4742;2578;2581;1862;6904;1860;8699;773;6542;6173;2936;2226;6893;6185;425;7615
4364;764;1125;5802;2563;5443;7965;1121;9041;8329;410;47;9769;4002;7600;5451;1119;51;9406
2093;6054;6774;1733;2455;3892;4975;3535;3529;9656;7493;2816;2815;3172;9648;2088;2095;5698;5694;3178;2808;7491
7803;4201;8881;7081;6720;5279;2046;6726;4927;2041;8521;4568;7077;8163;9248;8523;969;3116;7798
3494;9253;4936;1699;5656;5299;971;3141;9258;249;3136;2060;1328;3855
2285;844;5884;1926;5522;1923;1561;5168;8401;6241;9480;6958;2277;118;8759;4452
9869;4829;2310;6989;8431;9153;8789;9866;513;871;3394;4473;9874;2669;1225;5911;9876;8426;1950;2316;3392;1949
7006;528;9166;9167;1969;9170;887;3050;7368;7725;1251;9531;5211;8443;8082;7361;890;6651;9893
7750;1268;6306;4517;9558;8106;186;6666;6307
1022;3543;6783;663;7501;5344;3904;1019;7139;2460;9667;8944;4624;9659;5707;6057;2099;7496;8588;2828;4257;3899;662
4997;7157;4639;9674;7514;4634;7519;8955;3200;2119;1758
9372;5772;5414;9015;15;3255;8295;9017;8299;8301;379;6486;7928;3612;4685;7222;9018;6853;2536;9368
2614;9815;3692;1175;96;5132;6572;6216;5850;5858;2618;4773;6218
5679;6400;9281;6398;9280;2799;638;5316;1355;6764;5315;6035;8921;6403;4238;6044;1715
6283;8444;1240;1246;167;3048;2327;1609;3053;4853;3024;6277;877;2694;5919;9161
1117;1849;6533;5454;6534;9776;2907;4737;6864;9025
3953;5750;3227;9347;3226;7186;6831;5027;6463;8980;9700;707;8987;1428;1779;8992;6471;5034;2518;4316;7198
9382;9742;4342;6863;6500;741;22;9384;7218;4698;3623;382;2905;1816;3985
1901;9101;8380;8022;462;8739;9819;8744;4060;8379;460;9104;2983;6584;9459;9105;6945
5518;9118;8039;837;7676;9116;2276;8756;7680;1560;9840;3357;1917;6601;7315;8752
9213;932;8492;2372;3454;9576;4534;9214;7409;210;2732;7769;3812;4890;5252;3090;6329;5967;6337
4262;3182;3901;1742;6421;299;6058;8217;5696;8216;3176;7498;2104;5333;9669
9312;2108;5352;4630;6790;310;6431;7152;4632;321;1036;2467;8962;7866;2107;2116;6787;4995
7069;5629;7428;5988;7789;5987;2028;9587;4912;5626;9225;2753;4905;7433;233;9231;947;2745;9594;3463
3366;3005;5165;7688;1929;4088;6964;4450;2643;7329;8766;6611;1570;2641;5886;4448
2607;5125;4766;6930;6566;3327;446;9443;3325;5849;9082;8002;3322;5130;5848;444;4402;2245;9445;9800
1765;5724;6803;6804;8607;3565;1047;9687;4646;1406;1043;5728;9682;323;8964;9327;2487;8963;9686
9750;1470;2191;389;29;7229;9389;1832;1474;7235;5792;3265;32;6868;6508;7590
1466;3266;6865;8665;5064;20;5066;3980;384;3622;4336;3627;739;743;3264
4604;9644;4603;7844;284;4246;8926;7846;3886;2442;7122;4964;7126;1720;283;7120;2446;1364;1369;7488;6408;9285;5330
6050;1009;3530;7131;1371;4970;5695;6771;7854;4976;5692;8575;4972;9290;3534;6414;2096;7132;3531;8572;4968;648
2067;2427;6026;985;9265;2424;2789;7829;2069;3506;7112;6028;8905;1342;3862;3508;8912;263;622;3868
921;2001;3082;9919;6323;203;4163;1640;3085;8837;5243;556;6679;1275;7040;5597;5957;4881;5607;1282;1642;4885;3439
3202;322;7882;2120;1040;6802;3201;6805;8600;8960;679;2123;8959;317;3567;6086;327;5727;3198;8957;1037
1030;6430;8230;9671;7869;6789;671;9311;3192;3549;4267;9670;2827;1393;8227;5708;7148;8231;7507;1028;1027;309;8233;6786;4986
531;5931;2690;6652;4129;6289;888;7013;1971;7734;7015;5566;6656;2687;9532
7331;6972;7692;5892;1212;6251;6252;3733;492;9850;4094;1573;3010;7333;6968;8775;5175;1210
8290;9732;5768;5770;1810;1808;3613;4327;7211;8650;3251;5051;5055;729;727;9013;726;3610;9004;3976
3025;4466;4465;6623;146;1943;867;9142;147;9507;9147;6629;4108;1589;9861;4824;6627;509;3029;869;2303;5901;9149;5185
4819;5539;4098;1578;7699;1938;6618;9497;1937;5898;9137;498;5536;9139;3020;3736
2597;7277;4037;5116;8357;6197;5479;2957;7276;1877;434;8714;8358;8720;5840;8713
114;9114;8034;7311;3353;6954;3356;3712;4435;475;4792;830;1919;6949;8393;8388;7319;1198;4438;2279;2268
1737;298;4256;5335;4259;2458;7136;1379;9299;3537;4978;8219;1374;2819;8578;9297;2098;1373;3898;3533;9661;7500
2794;8554;275;6757;7477;4952;3877;5312;5673;7836;4958;6393;6752;8552;2072;7833;4951;6750;9270
5037;5758;1796;2517;8997;1795;7919;9359;3956;716;2155;718;6834;4315;9358;360;7916;8280;2513;7193;8993
941;8142;8143;3105;5623;1305;7065;5266;6346;7064;1659;3464;2742;3823;2024;1296;1301;4184;2018
7902;7542;8622;3582;4301;343;8984;5384;2864;8981;5385;5019;6103;7901;2499;5379;4662;7906
7566;3966;6;1445;1085;9008;1448;1803;9723;4684;5409;8285;6845;9727;5767;2527;8644;5408;2;362
7779;3459;8859;578;4179;939;2020;3099;9940;1657;2741;221;3821;6339;5616;1656;582;6336;8857
3254;5054;5415;374;7936;2535;5413;2173;1456;16;9373;8656;17;4694;9374;7217;2897;6855;7573;1093;5058
2779;2419;9618;9980;4939;2418;3859;7820;2777;8180;4221;5297;3857;9621;3858;8537;2061;260;619
73;8352;6914;6554;4754;7272;4391;3315;9792;6195;1152;1870;3313;1874;792;6911
6725;9965;7086;9245;1327;8885;6363;2045;7804;2043;1685;1326;6366;4562;247;9602;2762;8888;6365;9961;607
3490;7450;8531;3491;8891;2411;4212;4572;251;8172;970;3131;3492;2770;9250;4930;7452;4211;973;3853;8528
9695;1055;7895;9334;7536;694;3575;5733;6454;6813;4657;6452;1052;2133;8617;8254;3937;697;5376;3574;1417;6817;338;1774
4893;933;7773;572;7414;3452;2012;2373;1653;4891;935;6335;3095;5974;3455;7772;4170;3094;8491;5250;9215;7776
3064;5584;8104;4504;3785;1985;7383;8464;6664;185;7744;3424;5945;7024;4144;4864;4146;3067;9181;4501;9187
9537;177;3057;7376;8457;3417;2339;9539;8815;3055;4859;4135;8099;8098;4134;8814;4857;1619
3299;1139;7978;5099;1138;5821;7981;9061;3660;2577;9779;8341
3294;5094;7975;5456;9052;4374;2572;9412;8693;2934;6537;9057;9771;9774;2571;5457;7973;9417;57;7254;5811;7970
4360;3999;1840;5798;2920;4362;9763;6883;4357;9399;5441;5077;2923;9038;4001;7244;396
4846;886;9526;4125;4845;9527;8807;4485;9886;1605;3767;4124;4128;1968;527;2686;9165;8086;1245;2689;2329;8803;7003
8416;1216;135;855;9855;2655;5537;4096;134;1574;9856;3374;1217;5897;3373;8419;3734;4459;6614;6976
2743;9944;6704;1662;8863;945;8503;3826;586;4901;5986;942;7783;7784;4186;2025;8505;6340
5994;3834;234;4913;7795;596;3476;9952;1676;8874;9236;7794;4916;3477;7791;5993;9595;1671;597;3115
9563;2003;2363;9202;6322;6682;8844;6684;4525;2725;3084;9203;7765;9924;4165;9206;9566;3800;8482;567
8348;3308;7269;9787;2227;1869;2587;4388;6909;786;5106;1508;3668;6545;9425;5829;4028;5105;429;788;2585;7986;1504;5464
5682;4602;9642;5320;3162;5683;8204;640;4959;7119;1721;3159;2798;1358;1006;9998;1726;8205;8558;4245;6763;4244;3517
6708;228;3829;3109;1668;9950;9588;8147;5267;2750;4191;2030;2391;8511;5991;6347;4185;8507;4909;3465;231
8128;1288;6686;2729;2367;3089;1290;2006;5968;5249;928;4166;5611
5144;3704;4784;6223;7664;3343;5863;2985;4064;5505;3703;5866;9826;4426;1902;1904;2623;3341;8747;6947;4063
6087;7167;7166;1048;7886;5368;2489;4648;9685;5729;8966;7526;9328;6090;6444
4005;5085;9045;6526;6166;5806;6164;6524;9046;765;6885;1844;9405;1845;7604;5447;7247;1126
9093;3333;8373;6213;9454;4772;92;4055;5134;7651;8731;8372;8011;6571;6574;4415;456;4410
6590;8391;1551;6591;1189;4790;7669;2628;2989;6228;2629;2991;4788;1908;6953;1188;3348;2987;1913;7312;1910
7397;6318;1636;3077;8838;1639;9196;8479;5236;4879;5958;4519;9914;7760;4515;5234;8118;1994;560;4159;7393;6674;1634;9561;9553
9080;801;441;2961;7641;2962;8721;3321;7282;2960;6921;1883;3682;8356
5941;2701;1620;180;903;8820;8822;540;538;7381;1623;3425;1265;8460;5585;899;4863;905;904;5219;2698;1261;2705
6359;3479;3839;9239;9240;2758;1678;4198;9959;7080;9241;9237;6001;6721;7441;3838;1317;600;9599;238;961
9156;516;8797;7717;2677;1956;8074;4114;1954;4835;1234;6636;1233;6994;6993;5918;2678;1239;6996;878;6279
634;7834;9273;3873;2795;9992;8195;7113;994;4595;4597;9997;3872;3157;9275;5674;3875;630
7848;5328;288;3169;649;7129;7127;7130;5688;3170;1731;5686;4610;1011;6412;5332;6052;4606;2092;1727;8927;8929
1853;2574;2213;2932;2575;1495;1134;5093;9772;6172;5090;7256;2933;7976
1431;3591;1070;8991;3952;5751;2153;2871;6470;712;1073;4310;9349;8632;7551;1430;3948;2873;3949
8536;4216;1697;3497;4215;2057;7094;6736;5657;6375;9975;9974;5296;255;4213;4575;4934;1693;6019
4046;6206;7287;6205;7288;7645;2244;4764;9806;6568;1525;5124;1527;8364;6565;1523;7644
6119;9361;5401;357;1441;6118;5403;9722;7201;8282;9721;7920;3960;3602
6219;6220;98;1899;5857;1180;4777;6940;1537;4059;8020;817;2617;6942;2976;7659;5499;2622;4062;1182;1538
4787;3346;5147;8745;1905;824;104;3344;5504;6226;822;6221;2619;464;1194;9108;2978;8746
8398;9838;8037;4079;2639;4799;6959;3359;8040;9476;5517;1556;8397;9841;1921;7321;5521;9835;5155;9479;8041;6600;5162
3573;7171;7891;9690;3930;6091;6811;4299;7180;2853;7531;8252;5013;7894;5370;7532;1058;5735;2132;8255
3986;5785;8306;6506;8307;7948;24;6144;6149;7228;390;1102;8305;6146
5746;4306;347;7546;2867;2506;5388;706;6105;5743;8263;2146;8625
7940;9380;6860;1459;5781;9741;3978;9381;2179;7941;7581;18;4701;2539;3620;1818;6498;1097;1101;380;3981;9738;1099
7028;9188;6668;4148;5229;7027;7751;9191;1270;1630;3792;2712;2348;2707;3431;5230;3429;4508;1989
766;2206;46;8328;408;3646;3649;1490;8690;7250;3648;9409;7962;2930;7967;3285;1488;1127;5449
9160;3040;2680;4121;160;3761;8440;520;8441;4481;2682;7362;3402;4482;519;5562;883;1960
141;8781;6262;7700;5180;8782;2662;6981;7702;1222;5540;6259;2299;4103;6620;4104;9506;7703;5906;8424
982;5662;1343;2063;3143;621;1701;2421;5663;9984;1341;3144;6743;2425;3500;4225;4946;8182;9267
7144;7143;5702;6425;306;6064;7502;9662;4981;2103;2463;8224;5343;2462;5700;1384;9664;4983;7861
4354;1475;2555;9035;7593;6154;9033;9394;2194;9392;2195;6516;8672;753;2193
3635;7596;3277;7952;8319;6511;5436;5791;9390;2196;9754;5434;8676;7232;5432;5073;397
70;9791;5109;1868;9430;2952;9067;2946;5476;6916;431;4023;2583;6912;2596;9783;7994;63;7271;795
173;3413;4133;4492;892;1613;2691;7731;5571;3414;8094;5210;170;4493;5212;5570;1255;6649;9174;1611;7373;5936
5137;7293;8377;821;7289;3701;454;9092;2981;7653;5494;1889;8017;2973;1171;2974;8009;449;6575
1603;3404;524;5565;6275;5555;875;8795;4488;1602;5925;8085;1964;4118;1967;9525;8088;3393;1247
8953;4633;314;5711;4275;3553;4631;2833;3196;8956;3910;9310;4276;5716;670;7155;3193;311
6445;3923;7525;676;5715;675;1764;4282;7879;4279;4649;4287;5004;2481;3918;3929;3560;4643
5668;2788;5667;6747;9987;6389;1707;2428;1709;266;5669;5310;7466;7470;6388;8548;5309;1348;9269;6387;2070
4670;6830;5391;4307;352;1429;3947;6826;8264;1785;1783;8273;9354;1791;7912;6114;711
5553;5913;6272;5194;6992;4111;5552;4471;4475;1595;873;154;7350;1590;150;6991;2676;8073;9511;3391;7710
9921;5241;3442;5240;3443;562;2002;4523;4162;3441;3440;8842;2364;2719;9923;2358;3078;6325;918;5599
6900;3300;2221;6541;4740;7621;9421;8700;8340;782;9418;6178;9422;1498
9799;3317;4397;1879;3677;1521;9081;1161;7998;1882;4400;9077;8718;4401;2243;1156
133;4093;6253;6254;5531;7337;3732;1928;1567;4091;5890;9125;132;7689;5526;8767
6358;5276;4194;8514;7442;4195;3843;4197;3121;4560;3122;8516;5638;2760;8517;4919;4196;3832;2757;5635;7793;6003;952
2209;5809;770;5088;7248;8330;49;4009;7607;3651;7608;6528;3290;4728;1852;7252;8686;2570;2567;406;7253
677;5717;5356;6796;9676;6798;1757;3199;1399;2838;5718;2836;6074;2478;8599;8241;7521;6793;3558
4619;6420;6778;9658;4617;9301;661;1018;8941;659;9296;6780;8577;6062;3175;6777
1867;67;4387;2586;9427;4029;6547;6546;789;9069;8708;2225;4750;5104;7625;4747;7984
2346;4505;9544;9551;2341;1271;4512;5940;3793;1260;1626;7745;7752;3789;1990;2350;2347;5590
620;2780;4219;6380;6739;9261;4578;8179;6022;5658;3863;983;257;5298;4582;7817;9978;6383;8897;4937;8901;8898;6018
8858;7417;7057;2378;5978;8498;9218;1299;3457;576;7777;2377;220;5256;1300;4177;3456;4535
9402;3281;6161;1483;8684;3284;4000;43;7601;4361;5439;6163;6523;6525;2560;4358;9761;7239;2561;7960;7602
840;1201;5159;3358;2282;6598;6961;2281;2999;4798;122;481;9839;9482;8400;8403;1200;483;8761;8760;2640;7322;8402
6233;7313;2272;7673;5514;1912;9474;6231;5871;4795;2271;5872;2995;3351;1195;834;8396;6232;6592;4075;4430
9494;7693;5173;1213;3013;3735;6256;5533;7696;5535;2654;494;2294;4811;3015;3011;4817;1935;854
9451;5491;2970;7650;1170;6212;7649;8732;8733;5129;2253;8371;1532;2609;1529;4049;6210;448;2248;1892;3694;5133;1169;1535
9023;2182;1823;2904;5784;9024;9383;6502;8661;6862;7225;9745;7942;3626;2540;7583;7223;7586;1464
7283;8004;443;7285;3685;1166;4045;5485;6203;2604;82;4404;9442;8361;2241;8363;5481;1522;6202
8612;1772;9332;1412;3572;2852;6093;2492;1771;4653;3570;4292;5730
3633;8673;2553;1472;4712;6872;752;3634;2911;4352;3994;7233;1835;8310;7951;7230;3272;3636;750;2910;1836
3249;6490;2890;6129;6848;8648;5049;8649;9011;6489;2528;6128;7927;1451;3248;5411;8646;6487;2168;5407;9731;3608
7045;7405;4886;3445;4526;926;565;5247;8847;6327;4167;2724;9927;2008;1284
9027;9026;3629;4348;28;8666;6147;2547;1467;2186;9028;2190;8669;2909;5429;5787;1109;9386;6871;4351
1074;9714;5754;714;1434;713;6112;8635;1072;4675;5396;356;7553;2156;7194;2516;4673;8637;8996;3595;8276;2158;1798;1433
736;5056;4337;375;9735;9737;5417;1458;8298;6134;3975;2534;2895;1094;8296;7575;2176;1817;9016;1098
1729;6769;7490;650;6770;6048;8570;4969;6768;4611;289;4247;3890;5331;8212;8932;2806;2452;1732
8145;5625;8866;1665;7424;1307;2383;584;6703;3103;7787;9943;222;7422;1303;1308;5268;7063;3824;9228;3827
7853;5693;1372;8574;1012;1014;4974;3174;295;4612;3893;292;2813;8215;9653
4956;1716;5676;6034;8194;274;6756;6038;6754;7835;7473;6036;8559;996;639;9996;1359;2435;4954;995
3058;9538;7737;897;4137;179;176;2700;9898;6296;9895;4136;1615;3781;9896;8102;4496;1622;5578;4495;8454;2343
6193;9072;7275;9071;6915;9794;6192;7995;9070;9795;5470;2953;5115;8711;9790;1871;5831
9973;6373;1333;4574;3852;5294;3851;6731;6015;2414;6732;2412;3856;2055;8894;4935;5653;4573;9969
4743;7983;4022;6183;1142;9064;3303;2942;4383;5825;780;4021;7982;2224;1145;1141;9065;7979;8342;781
2141;8261;8260;700;5740;4660;6821;5022;8979;9701;3941;2502;2859;6461;7540;3581;7178;9339;8262;2144;1423
4731;2931;2202;3656;2216;3297;421;6897;417;1497;8337;2214;9773
6458;9336;8616;3936;3217;5375;6819;1415;6818;5015;7179;2860
2866;2150;3589;1801;8626;9003;9346;1426;4322;8990;7200;2161;2504
4831;1230;6990;5549;4828;5186;8427;4110;5548;9151;6268;517;4107;5197;3035
7407;4529;8490;1292;3093;9933;6330;3448;3815;7774;8130;7415;5970;1652;2014;2371
5928;3769;2328;8449;5927;1248;1249;7729;530;7370;8090;529;7369;165
3959;2878;1438;5400;8639;8281;5402;4320;722;2157;2519;0;359;4319;6837;5761;720;7561;7563;5397
4323;3964;2525;7204;723;6125;3963;4;6844;3244;2884;2524;7202;6841;2882;5406;7924;4321;6846
4628;4268;5349;6788;7867;3187;5350;8226;8946;4270;7868;9306;3186;2111;2831;8587;5351;6785
4782;5501;1541;103;1542;9463;5502;9100;4424;8382;1185;3705;7300;1181;2979;4423;6581;9103;8741;7306;1539;466
213;8132;9212;2013;4175;5975;214;573;1291;7050;7775;5972;4173;3811;2731;3817;216;7416;574;3449;5613;6695
3658;9778;418;2937;777;2576;8697;7258;5460;2579;3655;4735;5455;1858;4379;1137;58;8335
2357;9198;8116;1276;917;5596;6676;2716;2355;4157;8835;557;3797;5235;4875;1279;7756;9199;7039;7398;4518;915;7395
1347;8907;987;4227;2786;6027;6386;9266;7107;4586;7825;7469;6025;9627;3149;268;6749;1705;4944;8186;628
1571;5171;8050;2651;1211;5170;6249;493;850;8772;7330;5891;9490;490;7691;9133;9128;9488;5888;489
6310;8110;5950;5949;9910;551;6670;7392;2708;4511;8111;189;6309;6672;8108;552;3428;8830;4869
5622;7781;7061;2021;2381;1302;5263;4541;3820;580;6700;8860;4182;5620
8878;7439;237;7797;5999;4199;4917;2759;9597;5640;2396;957;2036;3840;1320;2756;240;6716;9955
1895;9816;7294;1174;5854;6934;5136;3695;8736;1534;4775;5493;2257;1897;3337
7580;2180;6140;1460;7939;740;8660;9019;3260;1819;4339;2541;6858;2181;1820;3262;5420;5778;6142;9739;5061
6850;10;1090;8289;731;6851;11;8651;9728;8652;1452;3252;3971;6491;9729;12;6132;2172;1812;9367;2167
52;8692;9413;1131;6171;5453;53;771;5452;5091;8333;3652;1494;54;1130;7614;1850;2210;9770;1855
7318;1558;2638;6237;5879;9117;6957;8038;3719;3720;1197;480;7316;1196;6596;9120;1920;115;5161;4801;4441;2635;3000;9477
2047;3847;967;606;9606;7088;966;2766;3127;8168;8166;3128;5288;1325
4285;2845;7165;685;2124;5005;326;1405;9324;2126;3203;9684;2847;2482
1324;2044;4204;8164;9243;965;3124;5284;4205;3485;604;9244;4925;2402;2042;7082;246;9603;8162;7802;4922;6727
8210;8930;290;4250;5690;5329;8928;1368;8569;7852;2809;4248;4973;7487;2087
9434;74;2594;8715;5833;2954;7634;5473;7636;1876;9436;3676;2236;796;5113;794;7273;6917;8712
488;2288;3728;6969;847;3007;6250;4806;6966;7686;5887;8051;1925;845;9485;3006;4085;5524;2287
6439;1759;7159;5720;1398;9320;2480;680;2477;4641;8237;3557;9318;7880;8597;7876;8596;5722
8943;7503;1023;8583;1382;9302;6784;8584;664;3902;5704;2464;4264;4984;5342;7142;6063;1385;5701
3138;7458;3137;4579;2778;6737;9257;978;9619;7819;3499;7098;9259;1696;4220;8177;9620;7457;7099;3860;1339;5661;1336;981
991;7831;4231;2071;6390;7830;6030;6391;8550;3871;8551;9990;2433;4953;1711;990;9272
9796;7637;1518;7638;4398;5475;1514;5838;9078;8716;4759;1513;2239;6559
4214;2774;6374;7455;1334;3135;975;7453;8893;6735;3134;9252;5652;252;976;9612;8175;254;7811;4571;250
1839;5799;2919;2199;6160;760;8318;1118;4718;2198;8320;3278;7958;1837;7237;6877;9759;757;4359;2918;759
5313;1352;272;8192;1354;9991;8915;6395;8914;6392;2073;6755;9630;8553;4236;6753;2792;3150;5317
1362;8923;2801;2083;8563;5321;2802;3883;8562;7841;6760;7482;7843;1001;6402;3521;5680;3165;3885;2800;8924
5386;346;1427;9707;7185;6465;8985;5387;1065;2507;8627;8988;6828;5028;6108;7904;1784;9344;4664;1063;8629
595;3475;6355;9954;3114;235;2395;9953;3473;2393;1313;3835;5272
2693;4854;9892;7732;9533;4494;6293;6653;8812;3773;894;9534;7014;2695;3775;9530;4130;4850;6291
5582;5222;5221;1621;6663;4503;183;5943;5223;6304;8462;9184;5220;1984;6300;4860;5580;8823;3060;184;2344
9450;7290;6570;5131;1891;7291;8369;8370;811;9091;9809;9810;2968;6208;4769;1172;3689;6932;4052
422;9781;7628;9060;5468;9784;3306;68;5823;5469;2582;7629;3661
123;3363;7324;842;9844;6603;4083;8764;4444;8762;5163;8404;3722;4081;7685;8043
3631;751;3991;391;7950;4710;30;5070;6873;9753;8312;8671;7594;6874;6514;754;4713;2192
5340;7499;6059;1021;6419;6060;3181;660;1378;1381;3541;7141;2459;3542;2821;6418
9830;2990;6229;9829;8031;1190;9111;109;9469;1549;3711;4789;470;5152;4072;9828;8392;8390;828
9756;2916;7956;7955;5075;3995;36;8316;6876;3275;6155;8315;395;8317;3637;756;6517;35;9757
4208;1329;8529;4926;8886;9968;8167;7085;6369;7084;3487;9608;7089;9609;3129;4210;8170
9905;4866;6305;8825;7384;1266;7746;5226;7386;8827;9907;1263;7742;7385;6669;8468;1267;5588;5227;188;5225
577;4540;7421;5619;9937;938;4538;1298;7778;217;8136;2379;1297;5617;7419;8856;5980
7874;9314;1754;8595;8235;7153;3555;6794;7875;313;3913;6433;5712;1032;8952;4992;3912;4272;4996;2473;5714;2832;2476;7511
3295;55;6896;8694;5816;4376;4014;6536;7616;414;6535;5095;5817;7977;1493;5818;6532
4239;8199;7839;999;3879;5319;3518;2438;5678;8560;9638;9637;4601;4240;7480;7479;2077;9276;2076;7476;7481;5675
9872;872;8432;2312;2673;5551;6273;152;7713;1591;9871;9873;153;1952;6271;9152;9513;510;7354;8790;5554;8430;870;9514
8269;5030;2510;2869;9350;3590;1790;4309;1071;5753;2151;6109;1793;6832;2868;4666;1794;2154;8274;7190
2644;7323;5164;3002;1204;8405;4800;3724;5166;484;848;2648;6965;1208;7327;9848;8408
5183;8062;3744;9144;5544;9864;2664;1944;6984;7341;7344;3381;865;2301;2302;3385;8421;8784;5905;4461
8428;5188;3388;1228;8788;4467;8429;1947;9509;5909;8787;1227;8067;2306;3746;149;506;9505
7724;2324;5205;6643;2684;3763;3043;8445;4844;8084;5564;6645;3044;526;3046;2325;2323;6282;7723;9523
6707;227;9948;6348;8868;7788;4908;4188;9227;2748;8510;4549;9230
4543;9223;3822;4904;7062;7782;6344;2382;5624;9941;8501;9581;3461;5262;2023;7785;583;2738
3974;7214;8294;734;1814;2174;7574;4333;4693;7215;2175;7213;6854;1095;3253;2894
2807;4607;2086;3167;3525;1365;647;287;8568;3526;8207;6765;5687;285;6045;9289;3527;8208
3935;8615;334;7534;4295;4655;3214;6096;9333;7893;337;8253;9692;1777;4298;5012;7533;696;5377
4551;9951;6711;7431;9591;7071;7432;2032;6712;3830;4192;3472;5270;9592;3470;590;6350;2752;8150;2751
3738;2298;5178;5177;4099;859;4457;3737;3376;4820;9498;9858;8777;7694;9496
8565;7485;6405;1366;6404;7486;3523;8567;7484;645;3163;4963;7483;1007;8922;3889
9939;6341;9210;5269;5990;4193;6352;8871;8152;5271;1287;232;569;3097
1128;5448;5087;9767;769;5807;2207;2929;1487;6530;7610;5808;1489;7968;9047;3645;7251;4371;1491;8688
383;9743;7943;1463;6503;21;1461;1824;2903;4343;2184;8664;4704;2185;6505;3983;3263;26;385;6504
7674;6944;4783;8023;5143;1202;2630;9106;1548;8387
2296;8066;9853;9492
9460;7301;3340;3699;4779;2259;102;4778;3698;9821;1183;3697;2620;2263;5139;457;9823;6583;458;8381;9456;8384;6224
4871;191;3790;9192;3791;9552;1632;2713;8833;7033;5232;3074;7032;7754;8473;7030;912;6308;4151;7035;1992;4514
6609;130;6970;3368;849;3367;1931;6607;491;9130;8048;129;9127;2286;9852;4092;1932;1207;846;8046;8771
4532;4892;2011;7053;5973;9574;4530;6331;5610;6333;4171;3813;6690;2735;1289;1651;1294;4531;8135;9209
6512;6152;9393;9751;2551;1834;8313;4349;6509;755;9755;8309;7236;2912;393;6510;5068;1831
3969;5769;1449;8;2530;369;4330;730;7931;7570;7930;3247;2171;7571;7208;3606;5050
656;6416;1736;655;1377;8935;6775;296;7858;2818;8936;7857;2094;8576;8938;7855;7859;653;294;1375
4561;3841;3842;242;6360;5281;1682;8520;1681;5641;7083;962;5283;1679;6361;603;8518;4918;1318;8522;9604;2038;1322
3059;8819;9899;3780;1618;9179;2340;6298;5577;5217;5579;7377;7018;1977;9902;3062;7022;8096;6301;182;8818;9177;4502;2335
5867;9827;6587;4067;827;6227;9465;7667;8386;5868;7308;4068;6946;2624;110;5865;1184;467;6585;1191
5741;6101;2862;1422;2140;2861;3940;6102;8982;5383;3219;4663;2863;8623;5739;3222;2503;6460;6100;1057
5245;3444;5965;7044;2366;8484;7767;7404;4887;9207;3805;4164;3087;3806;3802;7047;1285;8487;4528;922;7048;5964;4882
366;5765;4687;9726;7207;7564;9725;9724;724;9005;4683
485;1205;1566;9486;1563;9846;3003;8406;6606;6962;1564;127;5883;8047;2647;7682;4440;2280;6240;8049;2284;126;2289
8153;7072;5273;8154;4915;2754;2034;4553;3474;953;3833;1310;4910;594;7430;8515;9593;8157
8054;5534;8055;2653;8413;856;3012;9493;8776;7332
6137;2537;3257;5777;376;9378;1457;6856;6136;7219;7576;5775;5059;3256;2896;6857;1096;7934;7937;5057;1455;9014
2432;3152;8911;3513;1353;7111;633;3870;4594;8193;3154;4955;3869;2074;2791;3155;5308;2793
3934;6815;5014;6453;4656;1776;7892;1773;7176;5011;4297;6451;335;3212;7897;5017;7898;2850;6098
3462;9942;581;8500;1664;3460;6343;9579;3819;3825;2385;9583;4539;7060;219;2744;6699
7150;1390;6791;1751;8950;8589;668;9308;6070;8228;1749;308;8590;3547;3189;1033;8949;7509;667
7506;1025;305;1387;4987;2824;7865;7147;7508;1031;6066;3907;3550;6067;3911;5710
1147;7267;7627;426;4026;2949;2588;7985;8349;9789;9068;8347;2950;1144;1866;2948;5107;3670;7990
6926;4767;8728;9444;84;807;5488;2605;4047;9084;88;445;1164;9085;2963;7284;2247;6567
7599;2559;9758;3280;1480;38;1841;9040;4717;9760;5076;4716;4356;2197;3640;7597;3643
1502;2222;1501;7261;8703;2584;4384;9063;4744;5820;7980;5824;4382;4024;7623;9782;6903;5822;5458
8293;6492;5052;7572;1453;1815;8653;4332;6852;9730;735;6496;4690;1454;8655;4331;7933;2529;1446;5766
5482;5842;3681;4403;9801;6922;6560;5120;4762;6923;1880;7640;9805;8000;1520;1163;439;5839;3320;4399;4040;6561
2843;4283;6443;1403;7164;6082;7884;1044;3205;7883;7161;5725;8245;5001;8602;9680;4640;6446;1046;8606;2840;324
3894;4253;6773;3896;6776;7133;8933;6413;6772;2450;9293;651;4623;9649;8942;8934;7495;4971;3532;2453
7399;198;1278;919;5959;2360;8477;3801;2359;6677;9559;6321;202;8478;6681;3438;9555;8840;9920
8446;1606;8087;8805;4847;4487;9524;4484;3408;6644;5204;7367;3765;5568;9529;4123;2683;5923;4483;4848;169;3406;9162;163
9964;244;2764;1683;4565;2404;4206;2407;7805;9607;4921;4207;9246;1687;248;968;9605
5003;7522;8243;2483;1404;683;4644;5366;2486;7524;8246;6808;3208;9325;8965;6448
6188;6548;1148;6189;8707;5467;5828;8709;5827;4389;5466;6550;6910;5830;790;4031;9431;4751;3671;3672
4109;9510;4830;7709;6269;4469;3390;5908;511;7711;1229;6630;1226;512;7348;9868;2670;2307;2305
7618;3298;9419;9777;1496;3296;4736;776;775;4015;8698;4016;6181;8695;4019;1854;8334;7974;2938
7753;4153;2352;5593;1274;8112;5595;3075;1995;8831;909;1269;2349;916;8475;9193;9917;3787;4156;6317;6316;7757;1998
4100;1220;5541;501;3739;9141;3019;3379;858;1221;7340;1218;4460;142;9502;502;5899;861;2660;8417;3380;4102;7343;3016
5044;6484;725;1805;2883;5042;8642;1082;7926;2163;1802;6843;2521;3241;5;361;9000;7203;5764;367;6122
8129;3809;2730;4168;9208;4888;9569;208;8488;2007;8846;206;3446;7766;8485;925;6324;4524
145;4105;7345;8785;1946;5904;6626;1224;6625;9145;1583;8786;3382;9501;9867;9508;5543;7349;5189
3569;690;8250;6809;4290;330;1768;7168;688;8251;8248;2128;691;9691;331;5007;8608;4288;2131;7530;6088
9672;3191;4990;6069;4274;2468;1388;2835;9307;666;1026;3917;1756;7517;7516;2106;6438;318;5354;678
6313;1273;4874;8474;2353;194;9194;8115;6315;3076;3796;9200;8120;9201;5961
1177;9457;4416;95;1173;7296;9453;5492;4054;4053;1536;2254;9097;8375;2984;6938;813;825;8385;7305
3757;1597;9877;7358;1958;8798;9878;1598;4116;7357;6278;876;3759;9519;4115;5195;8439;2317;8075;5200
302;1741;303;6061;8581;4261;7504;1744;2823;7862;1739
158;6638;5198;2679;9157;3399;4838;4839;4120;4841;5561;1961;6995;1600;2681;7721;522;1242;8080;2675
113;1193;9473;5154;1552;8395;9471;833;2631;2274;3710;5151;7317;6236;2997;2270;9109;2996;5511;4070;8032;469;838;4076;1909;2993
5062;3982;1462;2901;7582;2542;1822;3984;6145;5060;7220;3619;9744;5425;1106;738;5065
6239;9119;3001;9842;6963;2637;4797;8399;5523;5156;4436;1555;6956;9483;9481;7314
7274;6913;9433;7635;9435;3316;5472;2593;72;1155;6551;6557;7997;1151;4752;6196;4756;8717;437
3593;3954;5752;353;5393;9352;8633;8275;3951;5755;6473;5035;1432;2876;7910;4312;9711;5031;1437
5992;1312;954;9590;2394;8875;955;7429;9949;3468;4907;7437;4189;1316;3467;9957;8877;3118;8872;3828
6733;2773;5292;9613;7092;4933;1332;613;7093;7812;2415;7451;974;2772;6010;256;8530;9977
3536;7497;9295;5338;4258;652;4620;9652;9294;7851;3171;1740;3540;5691;9651;7135;8213;7849
1830;5790;2189;4708;9747;1827;5074;2914;5067;5794;6866;2548;747;2908;745;6867;2915;8304;9395
6456;8977;3215;6095;3938;9338;9699;7539;4659;9340;5020;3578;701;1061;9331;2490;7890;5734
9926;1286;9925;568;7406;7410;9570;7768;929;7411;2365;1645;1648;3092;3450;2726
9900;7019;541;5939;178;3061;543;7016;9182;5216;4141;9897;175;1624;6665;1975;535;2704;1264;7026
8691;3650;6170;1492;3289;8689;7609;4010;7969;4012;6531;4734;4373;7966;4372;6894;2212;45;9765;6174;4365;1133
1614;534;3415;5932;7735;8092;3772;9175;1253;3052;6295;1254;3416;896;9173;1250;5930;8811
2332;7012;2692;8813;2331;5573;7371;171;6294;5213;3771;4489;4852;2334;8448;7733;9891;5574;1612;889;8095
3784;3786;4506;9546;2706;5586;1979;4149;7025;1986;1262;3418;4498;4138;7382;9190;3068
7513;9313;6072;8234;7512;8592;3915;2475;1755;7156;3194;2117;2469;2829;5358;1035;2118;1391;4638;2837;9319
6936;7655;8015;9096;6215;8018;5498;7658;4776;5496;6578;94;5138;4413;6573;3332;5500
3750;5910;1948;7346;5546;8434;3754;5196
1509;428;2590;4030;4748;1507;2951;2945;4745;4746;2591;2229;3664;7630;3304;1143;6194
7169;3568;9329;2488;9688;328;2129;6089;4650;8610;3927;6810;8609;2848;3926;1410;6447;7889;3928;5006
3706;5506;9467;1907;7665;6948;7302;9462;7668;9107;2621;108;3700;1540;3345;5142;4428
7106;1345;9986;8544;6748;2785;7826;1708;2783;3864;7827;7103;4587;5306;6029;4949;9989;8902
6595;7675;5513;5153;2632;1192;9831;8030;8749;3709;1187;1547;826;5146;4066;6586;8394
1519;440;4760;78;7999;6920;5122;2242;4042;3678;6199;3679;7278;8725;5835;3318;83;7646;2595;9086;9073
3849;7449;6370;9249;1330;3848;2050;8169;1690;5286;6728;2410;3482
7241;762;4722;9042;6522;2922;39;3283;2203;7605
8920;280;4600;4241;279;7121;4961;281;9279;9282;8918;6043;277;5323;2437;7842;3156;6396;4960;7845;5314
6426;4626;8945;4625;8586;1383;3544;5346;8582;1024;304;3552;4260;3184
2201;4721;42;763;9400;1843;2921;1842;6162;5804;3644;5444;7963;7957;8323;6878;4724;6880;2558
5023;705;4305;6462;6822;6823;6825;1062;1067;8989;8268;1786
8122;7042;8123;7401;6320;5604;1281;2722;559;7759;6319;2718;9560;575
2796;8196;7837;2075;3516;2080;5318;1713;4950;8916
3845;8887;5648;7808;2408;1684;2409;1321;6729;4569;8165;3119;6719;6000;7445;6718;4931;5651;610;3125
8070;4112;1592;1232;2668;2309;3753;9875;1951;508;4464;4837;5556;864;4827;1584;4834;4478;7342;7351;8438
2926;7246;4366;7245;3286;2927;767;1848;9768;1846;9408;9048;7606;9404;6884;5445;48;404;2205;2564;5084
7056;5257;9577;2375;2017;4537;6696;9216;9936;4533;1293;7059;8853;4898;1658;3816;3096
9962;5642;5282;8882;602;8161;4202;3481;7440;2040;239;7079;5997;4557;7796;8532;9232;6349;5989;8155
4581;4580;6382;7462;979;3498;5660;8542;6741;3139;625;9985;2059;3142;6017;6016;4941;4218;9626;984;7095;9260
6021;5301;2782;2781;9262;9622;9981;3861;6020;7821;6744;9623;7460;7464;8184;2784;1702;262;3865
6469;7909;7549;349;9348;9708;7552;3230;6833;8628;3586;8270;3588;6106;709;2509
4039;2959;1159;2599;8719;6558;438;80;4758;6200;2600;2240;6201;4041;8362;2602;3323
6615;9857;857;1933;4816;6255;5174;5538;1575;3014;4458;6619;1572;8411;6613;4451;1934;7690;8780;9129;2293;5532
1884;5484;3684;8365;1885;2606;5126;806;4406;3687
1607;9888;7008;8808;9528;6648;7728;6646;7005;4849;5569;9169;6290;3410;8810
1888;1887;89;6569;6209;1886;2250;447;9448;4411;9808;8367;8012;9090;5489;4050;1533;2967;8727;4407
3662;3302;2223;9780;423;6179;6184;4738;1140;4018;5461;1500;62;8705;6901;2217;2218;7265;3657;1857
8903;7463;1344;9624;9625;265;2066;3505;8187;3867;8545;8547;1704;7465;3503;7102;7109;4576;3148
7;2887;3246;1806;1086;9365;5045;7925;365;5041;1;6120;3599;2879;3239;3250;8278;8277
405;1124;4003;8683;5450;4729;5812;7598;8324;9764;2568;407;4008;7613
4741;7263;7259;3665;2231;432;9775;427;69;1511;6177;4392;5098;420;7988;4025
3957;3597;2877;7918;4317;9716;3955;7195;6835;6115;9355;1797;7554;6477
5894;6974;853;7695;1214;9136;497;9499;5529
5977;8137;5618;2016;4178;8499;9217;5983;224;9224;9226;585;5979;5258;8854;3451;579;8144;9938
8258;8978;7544;7170;1050;7529;687;4647;6806;2496;8259;1778;6085;3925;2485;325;8605;1419;8618;8620
2839;5719;1039;2842;5000;1763;5360;2484;5723;1397;3564;8604;9683;6080;1400;7887;2479;4286;3924
7010;3411;3051;5926;9883;5202;2322;161;5921;8801;162;6999;7722
1792;9712;2512;5394;9717;6838;8998;1800;5756;4311;9343;5742
3173;1013;6762;1728;1010;4967;6046;644;8189;2817;4980
6002;9255;8535;2776;617;236;7435;7076;9233
4840;880;5559;2321;9158;6642;6997;1238;7004;3764;3398;8078;9522;7719;1244
6608;3009;8409;5169;4807;7687;8769;486;6612;5528;4449;8044;4453;1576;7697;496;121
8667;9748;5783;3979;388;6497;2177;7578;5426;3261;744;737;3628;1110;19;3624;9740;4341;7584;4706
3021;9862;2658;3023;8420;503;8065;5542;8779;6264;9870;3752;8059;8071;144;8068
8188;2430;1703;3511;4229;993;4230;3151;9634;6379;7818
7718;5920;7000;6280;7001;3395;8436;884;3401;9163;155;4126;6637;1601;7366;164;4474;6274;1604;2674
4544;8504;943;225;9946;7426;2026;3102;7786;226;5628;9585;2022;950
7054;6693;936;215;9932;4174;937;3453;6698;4896;7055;1649;3091;218;8140;2727
4697;7216;8657;9379;5053;9733;3615;2893;6499;7212;14;6133;9375;4334;8303;9010;1100;7224;9
3538;1738;8220;1015;2100;658;7494;4622;5339;7860;7134;1735;8573;4618;5341;9305
1306;1670;6710;5630;6353;2387;949;5984;2755;7427;592;8502
4994;2474;8954;1395;8593;3554;1392;2834;3556;6437;7873;312;4273;4991;4278;7870;5348;674;8240;3561;4998
8710;5471;3311;1149;4393;7993;8353;3673;5114;4395;2232;1873;435;2956;6556;1154;6549;7624;3667;6543;9428
9254;6372;1335;5295;1694;8892;4577;7454;5291;8539;7813;8178;2058;2768;9251;4932;6014;9967;3130
1252;4851;6655;1970;8455;9890;4490;6288;536;9172;1976;1257;9535;1972;8097;5937;4132;6299;2326;9884;1980
5860;8740;7661;9820;1900;2980;9102;823;8383;3702;4781;6943;7303;2264;5495;9825;1179;2265;465;105;5145;7295
5039;1799;5760;3598;5399;717;3601;6117;6479;8636;2162;7923;363;1076;1083;3604;6483;6474;5759;7565;6121;2523;6127
5946;4507;2345;8829;8461;5581;2342;547;3063;9901;4862;8109;8832;4872;4152;1988;913;5947;7380;9195;7391;9541
9292;6411;6051;2812;9288;3895;3528;3168;4615;8566;4966;286;1016;646;7125;2445;9647;9291;2804;9287;7124;9283
5803;5082;1482;5800;5801;7961;6521;7240;6879;7243;1484;1478;4367;3279;1129;5078;2928;4719;2556;8685;6889
7535;9694;336;332;1414;7896;2491;1420;2855;6459;6820;7181;3571;9335;5732;1060;2136;3220;9702;2494;6450;7537
2888;2170;9371;2885;4686;364;3605;1442;1081;1088;1087;4344;7585
7475;2439;6033;1719;3512;8549;7832;1717;9277;6031;3874;4948;7110;4235;3519;8555;3160
471;4069;6230;112;2267;1914;9113;9110;4432;836;5507;111;7670;3347;468;3715;6589
64;1863;5102;5826;1859;7268;2230;8351;7620;6899;5096;9054;5834;8701;416;9058;4036;8332;9076;419
1079;3958;8641;2515;6111;9009;2147;3587;5046;7548;732;1425;3234;6466;1440;3592;3973
2354;2714;1993;3433;193;914;8472;3435;7390;4510;9909;2356;8836
1981;7740;3419;1978;9547;1628;7011;9168;5956;8117;9918;199;9164;546;5598;200;545;2000;8841;201
4923;4566;2765;7806;8526;7087;5287;4924;8160;1319;1686;3478;4567;5998;243;2035
2966;8006;1528;8724;2971;809;1890;9088;8007;804;9818;91;9797;87;436;5478;7648;2246;459;4774;7660;1165;99;9075;4035;7642
9586;8148;588;9589;2747;8509;2749;9221;8141;3104;9584;4183;3111;2392;4552;2740;8873;6713
3331;9089;6933;810;2611;2608;1530;3693;808;5853;7654;4048;2975;1894;9807;85
2122;1041;6801;7163;4280;5365;2127;6442;1045;3206;7888;9689;1051;8594;1408;1034;4289;7158;4284;1053;3211
9407;2569;7964;411;7611;413;5813;1851;6158;6157;37;415;9056;5092;4355;4369;8314
8848;5608;2370;1646;9928;4889;7761;927;5614;9572;1295;9930;6332;5238;8839;1644;8497;6697;209
3022;9146;138;1581;3389;1215;8061;8422;6628;852;5190;9150;8057;9491;2300;3034;2313;9865;3743;3387
2091;3887;2085;293;7850;8939;9655;9650;2102;9660;1743;4242;6417;8225
245;6006;6362;6364;599;5644;8533;5654;977;3133;5995;1669;4222;8183;1700;5304;8899;259;5666
5326;6407;4243;1003;6040;6037;3882;2441;1360;4598;7117;7118;276;8579;3153;6423;1745
4661;6099;1418;1064;2135;8611;1424;8624;9341;3584;7191;3944;2858;3218;7550;5018;3585;9698
797;800;1160;5845;5118;7639;7298;1881;4419;6555;7652;2235;6176;6895;8336;1544
9112;2633;6951;7672;5509;829;8748;6235;8389;4073;5510;5869;3714;7307;2283;487;3718
2709;6671;1625;1631;7387;6661;195;7021;3432;4865;3799;3080;6659;6302;8481;5576;7378;5933;8456;7009
5097;2215;6529;9049;7622;5442;6886;5083;6191;6159;1158;6919;1476;1833;33;6518;9031;8682;7953;742;7227;5773
5697;1376;3539;5327;5705;1748;7856;1750;1723;6042;7489;2471;4237;315;8232;1443
3458;6328;5606;8845;6687;8861;7764;3083;5242;205;5981
1770;5009;1416;2498;5378;9303;1401;4691;4324;329;7921;3968;6138;5419;5390;9746
5859;1176;2255;9472;8028;3716;8757;6597;4437;474;479;8036;4080;7681;7320;482;2645;9489
8089;3766;3405;1610;2319;3037;3760;515;5201;3041;9885;879;4127;5193;4832;9520;2314;7352;8433;1231
851;9487;2657;9849;8045;4089;4082;2278;9134;5519;9121;839;6986;1695
8674;3273;2554;9396;1477;5071;7959;1828;3639;5427;5786;3269;31;25;4705;1826
4786;4785;8026;1906;9837;6267;5944;3993;7197;9749;381;9931;5782
7823;6742;6024;4947;3514;5966;9205;8125;758
3798
