9403;3260;5418;3899;2516;2652;5369;8660;8828;6249;4441;8526;3033;7597;8224;8259;5049;8826;3742;7259
6085;8985;2017;4922;5984;2472;9981;7507;8347;7000;516;2264;61;1449;9280;7191;7849;9580;4306;6641;6660;5302
5751;2151;1517;6900;3613;9097;7560;7910;3125;8286;2136;1567;6566;4671;4878;2705;4680;7440;3923;5492
8115;5304;750;5666;2636;4616;883;4202;5843;9891;1584;6724;9126;8767;280;7494;1409;1260;263;7076;7099;9001
7802;8670;9764;7605;946;820;5691;7879;4610;8121;3952;2292;6006;8852;4869;6171;1351
99;3068;3227;8485;9679;8417;4271;4251;9505;8062;6933;8866;5849;7973;9024;6784;9668;4456;818;3772;6890;7570;7198;3090
9717;1629;1093;7069;7043;6601;7664;3969;4205;8193;2306;7659;6495;7873;4422;170;3838
5549;7750;7427;4058;3182;8258;5102;6153;5998;5916;4585;7461;4725;9439;1391;370;1211;1955;9931
5001;5944;8027;9990;5747;834;4697;8026;7709;2251;4133;8573;335;3034;9068;4365;2545;8536;4407;4163;7765;5957;2668;6438;1070;8975
1652;7751;4615;4880;58;9045;2474;3918;1471;7077;1533;5605;3083;8559;2535;372;5807;347
6690;4823;6429;9096;6115;5026;7391;7398;1339;3524;8449;7743;6579;2507;7474;2690
7299;4815;8776;2943;3321;2171;3088;2853;1552;8623;8996;2654;2582;751;3698;9613;95;1943;7107;7223;2033;9883
4152;948;9635;6236;1669;6989;9705;895;4701;6356;5629;3351;4433;8281;403;1056;3585
8299;8211;7147;507;5880;159;3839;555;3432;7722;9706;2221;4392;7338;3367;3352;4814;7668;7420;4147;1446;4410
603;5902;5593;9631;9486;897;9617;793;9815;4355;3945;6907;2900;4331;6889;7728;8845;3149;2846;3328;8078
2988;4431;4885;3468;8818;62;5010;3067;1044;5255;5585;4717;5560;560;4682;7031;8753;1237;8021
7327;5028;8175;1282;4565;2499;77;1481;5437;5971;452;912;5432;9440;1091;2051
3362;6637;5280;4073;2029;2629;214;199;999;9449;9556;2941;8823;2673;2915;9917;7040;990;4552;5018;4679;6152
9128;5129;629;1610;9834;5884;1944;7283;5291;2614;3618;8645;7093;6007;1243;4080;6910;4465;3218
2994;8543;2140;8109;3810;1545;862;3114;9670;3578;6430;7998;109;1782;3429;683;1679;4825;6799;3038;6985;7184;6634;634;4991;9472
568;454;9306;1823;4709;4984;2568;8745;6424;5733;6649;3103;837;6872;2617;4857;1002;8023;8949;8123
8760;1452;4631;9665;6344;5839;2446;5394;5465;893;4499;5917;2996;1382;5;6841;9659;6314;7262;4211;7396
5877;6143;192;36;6761;6224;8942;1169;6170;6487;9379;6386;9125;1748;639
2567;6633;9634;1238;8356;5211;6182;9265;4886;6125;92;1559;5355;3293;6436;887;2210;9738;3723;6794;4566;8587;1118;552;3006
3598;9378;5746;1596;2400;4824;5765;5711;4160;353;7445;3744;9582;6892;2960;1258;2399;5464
6369;352;6982;478;7272;3075;6150;5065;525;10001;7288;3206;5256;3727;6747;444;6328;7590;3785
6664;4015;870;7033;3902;1117;4548;2882;8752;4732;4860;6484;1975;1137;9552;6802;7365;7792;67;6707
81;5420;4667;2894;9441;9413;3547;6294;9422;4279;5113;2966;2103;2551;2600;8290;3122;9768;1668
1526;7772;6011;9973;1004;7162;8872;6260;1643;9849;9502;4396;7480;6155;2066;1317;2056;9142
8811;6443;2147;5130;5435;6469;8204;1152;2945;6244;4449;9273;9180;474;1720;6118;8240;5184;3226;735;284
637;8327;5123;9466;7865;3486;5834;7038;189;1105;318;4812;804;2725;4086;2665;1007;4727;5083;3833;8060;379
625;5661;4444;4805;479;5897;5701;3372;8329;9804;1693;5817;8213;6034;1467
1239;1874;6894;5440;5611;7328;9390;6542;5728;539;8473;1571;8689;2415;7110;3289;6099;5433;5672;4226;6283
8054;7738;6497;8328;4704;2902;8313;3402;6250;5382;8055;380;6939;6509;1867;2658;5216;6954;5569;4141
5891;6831;29;6981;5363;4458;1665;8348;7649;7473;9325;4295;6478;8785;4349;6219;6763;8216;7946;7628;9052;2957;3747;3764
8603;7349;8770;3921;2162;9997;2202;5488;3235;1155;2053;5845;6347;1913;1637;1690;6943;5489;7367;2418;6009;593;3240;8352;1051
4557;4523;509;786;8892;5040;8454;5872;1968;5253;1274;6652;213;614;1601;6387;7634;4502;1019
7901;9707;3506;3934;6141;3163;8455;1783;4387;9206;4099;2459;9237;1993;6482;8288;6884;5657;1762
6051;5738;1682;695;4315;7048;2824;9736;4623;1589;3379;8508;7139;5374;9519;5898;133;5773;6783;1598;8129;8515
7153;789;9924;3028;2843;9178;6262;1999;5987;5239;4827;5740;7680;6192;1858;2115;5426;565;174;6871;2260;1071
4019;965;3582;4034;3190;8065;5339;1519;2111;1363;8939;3134;7840;1957;5687;6353;9140;3922;1619;8744;7614;1806
8851;68;2698;5349;2001;8140;6927;127;5169;8973;8804;8081;2789;5638;4008;6682;3609;600;4470;5527
8963;686;4870;3051;4089;1639;913;6596;9708;801;2748;130;8488;6908;231;9787;4511;6189;6669;4674
6636;9339;2168;2442;4637;7589;6957;8971;8794;958;4930;9365;4673;3199;9937;5953;198;5552
8148;962;6057;465;903;5338;9838;3878;7228;2127;5683;6278;4182;3907;8780;9137;2332;4795;2058;6411;8241
8881;3916;8853;7710;9523;5790;8683;1514;8527;9240;7075;6582;9845;5574;2050;6809;5633;2730;5863;6245
9288;8323;6909;8414;1640;7934;9643;1657;1221;544;5739;43;3273;2990;8795;3750;6431;1313;4694
1965;7801;6209;8105;7051;9506;9448;8908;8757;3160;7887;8187;9612;1920;4370;9958;6169;9124;168;7931;659
1712;795;3238;1998;3385;1676;260;626;9633;1548;691;1413;3032;4265;1473;9368;4796;6380;9667;1483;9355;6483;4228
4897;7366;6826;7340;4987;3102;9711;776;5082;3148;6378;1205;4734;275;5514;6010;5071;4474;2371;2773;25
2513;3781;3753;9372;3405;7703;1031;1113;8439;3488;501;910;7405;4267;3749;5376;3344;6937;3185
5776;3655;9276;8370;908;2405;5482;5347;6227
4981;2150;6987;2297;8453;6769;9826;5336;4178;3428;7404;7244;816;1895;3110;8615;8083;7251;9442
7907;3911;6711;7116;7745;9358;8521;5209;1547;4340;5936;2054;3019;8728;2942;9081;8289
5027;158;4529;3770;1134;4254;688;4383;7362;4063;2495;8136;2701;5926;3108;3868;2877;6096;5708;8037;6137;42;6522
5950;6289;3733;6929;4684;7520;2736;7240;4124;2310;5305;5406;3147;7264;5878
9480;6216;9598;2534;9393;5261;8116;7949;2893;8871;3924;9995;4183;5442;6240;8416;770;3910;5905;3999;3035;9457;3779
6779;167;7582;1573;9971;899;2721;4784;4109;6076;9071;4958;1731;1249;1076;8147;738;1991;954;1912;5242;9453;5106;1869;679;6902;6717;8461
843;3908;9064;3497;3852;8912;674;9286;9896;9231;667;3732;4618;5705;271;9972;3882;3846
9443;8529;2114;7422;5412;5673;1110;8160;4902;303;6969;9675;6726;974;5262;4913;8836;3963;4522;2638
2605;1114;7909;3564;656;457;3244;2189;1769;557;5854;9468;3423;9344;7117;785;5162;4782;463;7593;3371;73;5375;8725;5038;1061
6133;9637;6417;4447;7201;7140;2340;6801;1411;9323;2364;5962;1932;6540;5895;2974
6618;1675;8498;5371;926;8664;350;5357;6619;2712;7549;1116;9889
4478;8324;1077;8704;4304;675;342;2080;1396;9642;4845;8927;3743;8208;3270
7211;9417;961;1556;2376;7707;4310;5045;394;8285;5919;909;1372;7619;6814;822;4283
3685;9569;8632;7782;9434;4416;9463;9542;4863;360;763;8656;4352;3820;5035;9046;3340;9460;821;4905;2403
7337;7530;7512;774;5407;3311;527;138;6267;7376;9949;79;2425;3044;3688;5931;7658;7072
5307;9985;9317;273;7054;589;46;4305;1663;8437;5461;2436;6470;5596;9721;7185;1570;5937;4901
5679;8044;8074;730;480;5649;6760;4257;6459;4464;7102;3072;2848;4053;8133;833;6694;8919;5267;3944;5383;6401
3377;1645;8220;717;8736;8066;225;3482;6490;2092;6584;9188;2859;9514;5924;7068;6379
4916;2185;2449;8497;4330;5194;6844;1437;8141;1441;1726;1727;541;2765;9117;723;9619;6070;982;2235;9497;7633
3526;4807;432;8268;4493;6081;1125;8640;2293;1964;4398;4420;8510;7190;6370;9913;8085;1006;2112
4040;3809;4162;2353;7817;9861;1518;2099;5821;4995;7708;1732;633;375;8977;3436;9567;3179;1555;3893;5791;4572;5220
6851;6272;1470;9551;3357;4550;5876;9199;900;4419;2807;1188;3550;4660;6626;3414;7812;426;9677;3233
9936;4653;7446;2828;1340;5674;7517;7794;8103;4654;8333;3693;52;6541;7529;8238
1279;1880;1159;3676;2277;638;1989;7410;1656;400;2971;710;7025;4810;2363;3812;8886;5114;8029;5400;6685;8514
2810;7381;9862;7760;9036;1285;1813;8915;4481;4479;2699;3994;8978;2777;4022;4366;9041;1849;2095
2123;5137;9695;83;5186;7729;6340;9311;8005;1022;2463;8969;6067;620;925;78;3990
9089;7830;7458;6285;1119;7118;2166;884;6849;5448;5591;5012;3883;6132;7470;1926;1369;2107
2064;2908;6704;4501;2674;7208;4908;396;6984;7564;1000;7312;3682;6080;4328;4593;5667;9353;2258
3972;9366;7880;4380;9038;2091;2792;4327;817;7866;1866;7752;1248
7009;3490;9314;7311;6517;6818;4347;8566;6402;6056;120;1208;616;8801;6861;3548;5292;5978;1771;8007
8176;17;6725;3041;8854;6877;1763;3337;9017;5110;8540;9266;7004;3197;2419;5226;1595;8636;2891;3498
933;8911;8376;7673;4755;9806;8294;7438;3109;5782;9819;6316;5749;4770;5614;6973;6604;8427
475;8857;6268;2011;9871;1201;5681;6748;5384;4108;7917;7916;2035;9100;7008;4060;966;5230
7142;3796;2116;344;2453;63;5589;4488;4561;5529;4944;9814;4411;9236;7189;7716;2239;343;7579;4235;8902
5210;3725;2287;8600;3955;9374;356;618;7718;3284;8340;2644;4264;2132;169;994
3411;8346;9914;8102;1985;8756;9978;2388;8345;7951;8183;6358;1631;9032;3581;9520;401;7732;9300;8058;3731;9584;7561;6359;9416;3399
4006;5193;2919;2456;7522;1791;8802;8412;8819;6535;1811;5954;3715;1764;2661;3187;9364;8830
7525;6403;2723;1677;8016;3656;846;5886;6503;6893;6960;5205;3050;2467;591;1475;2083;4189;9947
892;9215;5520;1903;5750;8994;8765;3307;9384;3611;6488;2616;4744;1123;1342;1024;3848;7805;4999
2907;6400;8791;8331;2502;2565;4149;4203;3052;3180;4835;6991;5639;9600;9155
4156;775;3380;3496;7220
4000;7194;8906;700;6736;9145;2391;5648;7919;3690;942;6041;2117;405;4820;5518;3710;5505;6396
4676;8304;7883;2979;2497;2522;2320;7282;1170;4629;6286;2263;6055;2812;2813;5604
2669;814;5276;9213;6536;701;6623;8095;6555;4157;7175;2827;9544;6075
7469;5266;2450;121;7080;3620;3880;3223;6829;6206;7361;6708;108;617;3074;9865
3649;8199;4940;4811;7924;9055;6466;2547;7581;3225;3602;932;3181;4448;6434
873;9560;2318;4914;2696;1735;7103;610;7700;6188;3309;2317;5759;2564;1468;8806;7141;6662
4828;3071;8468;3026;4342;6060;6693;8469;9428;3056;3261;8246;8897;8953;6930;8218;3184;5914;5364;388
5760;6253;4137;3138;2599;4821;3027;1760;4606;2043;6603;9752;8173;3204;9084;1767;2609;9842;3368;7071;1032;3256;2781;9697;1644;5132
3296;9921;2938;4929;3073;9329;2520;4519;5346;923;6308;7341;7200;8292;5332;6613
4831;3894;5031;1122;8015;8107;7811;2213;7186;7591;6635;9882;4638;5151;1086;9602;7947;4855;9282;3055
3409;357;7764;704;3992;2271;5635;8161;7306;4844;3030;2031;6842;1508;7448;4964
6052;2278;2069;9895;5797;6046;1512;3211;8741;4632;5036;1864;7128;8883;533;7602;3118;6325
6447;2236;3503;4544;3356;5143;9754;7281;876;4298;8796;671;389;7045;9658;8302;4302;780;1863;8205
2909;9699;2312;7207;8301;9249;9603;1365;684
3212;381;3338;6979;4806;9965;8249;9547;9470;4586;6595;9835;6126;9426;4858;6565;7816;5875;5391;5235;4435;2771
6166;5859;1395;1575;3510;1373;3987;768;6432;5541;7146;5298;6092;6416;9785;7509;9047;6454;5675;3059;4893;7323;3345;7333
5405;3394;8839;212;4626;558;6220;24;9267;116;7430;3466;9216;5233;7868;2980;9414;6759;4789;6121;2101
6405;520;6977;8739;7503;6951;4698;8368;943;8158;9671;4536;7989;3107;9283;5918;8946;8867;2110
5883;7174;4767;3178;8974;2390;1961;5522;139;5623;1662;2704;7425;2240;4590;1724;6383;6975
4303;6836;8395;3301;3859;4895;6727;3492;9539;7921;75;7781;7568;7904;869;1739;5039
2270;8965;6568;3117;3939;6620;6291;6867;2122;6331;2071;4248;3575;72;9589;3567;5903;2796;3637;2948
1736;8452;5476;4337;3677;8341;9270;6399;7824;3398;8548;5324;5150;6606;4793;8898;7717;2055
7195;2745;3066;7378;6222;9789;8400;3343;8574;3841;7030;3493;9010;1461;569;1553;984;3836;9162;290;9765;1433
4947;7545;9570;9905;2872;712;7569;5857;1359;4713;6109;9003;2084;8472;1109;5781;6299
3612;6528;5943;4127;3454;4007;5684;8130;4110;5996;1375;8418;9565;8350;6710;5146;9151;4506;4848;6088;4362;1458;149
3200;4048;376;8393;1855;6338;598;6361;2341;9568;9158;8995;3479;1008;6089;7385;9287;2800;9095
5735;7850;636;8538;650;1879;5330;1290;5808;8174;2630;6221;6324;9082;7399;6592;4941;788
8560;9509;2491;1072;9243;4356;1525;7452;2703;8861;4574;7942;1218;7950;1212;1733;941;4258;3535;7203;2537
7993;2868;4670;8772;4804;9847;1423;119;3237;7547;9853;2741;3512;6607;4728;1505;2431
3375;9672;3988;2022;3171;696;7822;9382;8893;2764;1728;5748;4359;9301;7274;8962;236;3057;7258;8466;9644;7290
8840;362;6208;1104;4961;7835;1680;5387;9208;6230;6791;8722;4974;2448;8354;1576;7793;6804;4123;4599;6427;2743;9534;3706;5573;6556
5670;175;1497;4766;162;8360;9149;143;8182;8375;8658;458
7786;602;521;5212;4227;6819;9396;3146;4188;8955;2772;392;7138;8343;1699;2991;5555;7472;6745
8533;6887;4172;19;4503;7124;7884;7042;1447;5068;1292;5538;5311;2427;574
973;4510;148;7231;1038;7918;5111;3901;3735;9689;9363;384;1605;7278;2932;3279;5139;3625;1952;8609;1931;2954;1661
8887;5970;3358;5506;699;4672;5057;6806;9260;3576;7182;1419;6223;6105;325;1945;790;2148;826
6049;7559;7098;9076;2086;3058;3314;4234;4598;5812;4445;9722;8808;346;4669;5295;3947;6990;2144;3020;6288;2984;8482
2866;6395;9863;9967;6638;3569;2689;1842;3133;8165;8525;9144;2645;8088;1906;4364;8221
9977;9238;4269;5101;8577;2460;4983;3346;3406;1810;364;9773;6030;2208;4090;1940;7661;6676;5794;9673
7791;5956;5318;9027;2591;4817;7114;6175;4648;2097;5178;8382;3330;9191;9103;9020;7022;135
8262;6148;5175;4608;7776;9277;2588;69;2010;1103;4633;9303;3845;4213;2657;2679;9888;4116;4483;6054
6828;2193;49;8731;889;235;2503;8024;6502;7498;7558;6037;4942;312;5709;6094;9107;2830;8041;6855;2228;4293;3215
9962;2612;1353;9101;9022;8460;7377;7106;9908;1928;8071;9371;2145;8267;5170;4872;2510;6145;1501
9025;3983;622;5196;1173;1129;2211;233;8243;2707;8265;5908;8860;1969;9404;842;240;4752;8509;3302;6235;7419;9923
8379;4161;3622;5075;5737;9420;4612;6602;4621;9801;2541;672;8614;3635;3251;8462;3283;1966;5554
9255;3668;5628;3614;8988;4475;7363;6279;31;6722;640;4765;6677;9118;5354;879;4772;5989;3906;4454;4700;9813
6456;1921;1540;1642;7122;7015;7694;9408;7977;9553;5702;2109;1045;8036;2348;106;6789;3978;7479;6360;2621;7133;624
3100;4538;3374;3295;6696;6177;2268;960;8869;3890;4751;8274;7562;6243;2428;807;6716;6904;9680;1528
2365;5671;7121;5850;5053;4218;446;2421;5386;2779;2020;9127;7938;1200;1901;8674;1191;4278
2322;4230;8225;8542;9702;9387;3596;1790;3316;9057;748;9573;3439;6753;3209;3665;8793;9559;9302;2927
4259;9432;4240;3615;6256;1177;7682;6895;6865;6457;5921;2048;8084;5042;7727;9332;8605;6792;987;7690;3465
6684;1939;3857;1303;9198;18;3355;621;5314;2045;6992;3814;8646;4978;5403;664
5496;3060;7855;5214;1523;9029;7047;6382;2301;985;259;8929;8405;6492;456;1597;7655;1628;5358;9496
7266;2313;9405;9918;4904;272;9517;8708;5074;6578;5485;7039;5326;5510
4473;3095;172;4521;2790;5713;3172;7778;8308;1241;7548;7285;4098;6207;5676
359;2755;3087;4570;2791;7831;4733;1121;9915;2692;8701;9578;4338;7411;5658;1261;9006;9386;5149;4004
9429;2976;4325;5786;4714;5938;9540;1163;9271;3201;5756;6195;4745;2143;9975;4525;2983;564
5865;8809;2963;7666;398;8550;2987;4440;6337;6513;6389;6970;4417;4833;2072;7157;7983;5851
8223;6863;7330;2546;3504;2451;3425;5547;299;8910;6833;5277;5799;150;4142;309;5778;9778;4320;255;9630;2007;3627;8035
9015;3441;4428;7416;1350;729;300;9272;436;728;3478;1506;7775;5108;5586;1057;6390;3651
3047;8737;6742;573;9681;7336;2262;5313;4457;4436;5879;6408;9359;6581;9645;8203;1242;8093;5577
8688;4198;6163;2808;5930;5516;2004;8934;4813;3961;7254;6800;4630;8663;2975;8263;7492
8880;4406;9028;7997;9945;8572;2527;2357;4819;2359;3660;8868;8075;6460
1432;9499;2709;6974;8556;4605;7409;5066;824;308;720;8619;9793;3795;1951;4468;2444;4980
5056;9427;8959;2074;4081;7335;7246;522;2515;4150;9139;4467;9776;731;4564;5417
7740;6980;3234;5636;9790;6546;7268;7621;2253;4875;9134;3231;4009;7177;8151;5359
9452;2049;6194;4350;1436;4939;6312;5413;3636;1020;3286;3443;1310;4164;1734;215;7475;1349;4179
8961;5021;345;7145;4786;8106;1638;935;8716;3536;511;4223;677;8554;4966;7592;6961;9725;1039
7893;4437;8100;5096;4096;9069;8667;4866;5458;930;2118;3879;5481;8363;3958;1572;1298;340;8777;6539;8907;286;8004;5118;2625
8859;5731;1075;5976;4903;7606;1678;5947;9242;8816;2065;65;6949;3012;3861;718;7252;3111;4136
652;4047;3433;6543;880;7988;1247;947;5539;5665;663;2197;8493;8256;5564;2631;5507;7702
391;9646;9445;500;9461;9734;5023;427;3007;4062;6544;5127;9684;2985;3864;971;5730;1443;6433;5913;9163
4768;8914;5568;4507;8359;22;4960;3431;5900;1476;3348;3359;8695;3267;2643;1273;2343;7339
6477;3473;1784;9836;645;3709;7915;1311;1815;142;936;8495;4979;6079;9318;9618;9173;8989;502
972;8890;1904;7289;9954;6414;9269;6723;8443;179;3203;8715;803;3519;1591;1284;4217;3629;1050;5842;1329
7686;2717;5559;546;3332;176;4549;7741;7414;4639;9362;7803;1789;3757;5208;9698;7436;7818;1918;5365;5257;7164;2230;7540
4144;6423;5882;9910;4763;9258;2154;3903;3661;2041;5335;9824;2627;9538;2594
5247;4534;6514;9759;7320;6852;54;1897;7837;9797;5624;9348
8694;5342;3633;125;2695;8264;5388;7196;5408;7109;8862;1841;5315;3140;8945;420;9832;5763;3943;1326;5627;7250
2579;3101;2577;8101;9986;6813;3551;7256;9724;1805;9852;3395;5800;9623;4066;3079;5787;2576
6788;34;6254;5813;4404;3327;448;8330;7279;6681;5599;9252;2573;3825;3324;8321;7848;410;6368;7800;5177
7415;2883;3561;4268;9816;4524;709;6058;2904;9389;8361;1768;8491;5764;5248;8633;3640;8593;7148;3974;9224;3964
7179;4556;1898;5050;1917;2967;8563;102;7706;153;2081;6926;8362;2070;1487;3805;5159;4739;4547
3194;7088;7797;6870;7838;3705;4193;1492;1958;7980;3253;5729;3624;4100
8558;9185;6521;2851;2559;4560;4678;7358;7233;1010;9319;1694;9399;6373;183;8706
2888;6106;3925;2713;9187;2524;1307;3537;7937;8642;6590;5241;6480;832
542;4664;1401;9299;316;944;3736;3323;2925;3920;642;6472;2423;3840;3874;8207
9014;6612;3565;2552;4690;4256;1582;787;1430;8582;5112;7070
7897;7871;4883;6510;8374;2869;4186;745;4390;3461;6754;2873;9383;6942;4954;7219;1580;277;9059
2005;1956;3828;477;2281;1011;2339;2818;2580;3424;7370;6059;1472;7017;462;7617;2062;8580
7609;7534;419;5243;9040;4210;6914;2680;529;5187;4779;1687;8043;8530;7774;3164;6944;7352;2611;490;7468;2195
5103;5414;126;8679;4896;3294;5641;8409;9328;2106;6653;2618;8433;3495;5634;9805;6025;2548;6642;2583
9190;8602;9313;1376;673;7271;6168;4135;584;4484;9840;1641;4001;580;9183;6670;136;1658;3787
8271;8365;9341;8641;7630;2710;5409;8451;6733;3631;8019;4177;6332;4287;7783;1364;9907;597;2569;7789
1996;2393;4284;7779;905;5236;9781;7005;1328;9994;5079;1558;3427;9663;2821;7806;2331;2899;3539;8282;7249;7542;1539
6529;864;9996;5866;2408;1316;5423;3632;6246;4013;3128;4607;2722;4990;1404;6013;7357
5424;3373;611;6015;5848;161;7842;1561;2386;8647;3979;122;2279;9868;5652;7809
5199;382;4221;7704;4187;3912;7287;2245;996;7528;5434;4597;294;1604;823;907
7152;3369;657;7487;2434;8155;6139;487;5264;5809;658;368;2079;4873;385;9462;3560;6441;8212;9436
1225;3728;5798;5804;3326;3780;2457;9004;530;6687;4515;1488;5816;6941;6287;4518;3545;4377;269;6952;8496;5858;8681
8698;2667;5955;5029;1905;5456;3245;953;414;1900;1749;9133;8446;9477;1040;4076;8661;6014;4711;1438;6086
3968;4988;1797;7671;6156;7544;9392;7643;3069;4376;3266;4801;424;8986;9361;9999;9204;9189;8039
2003;8293;8680;5189;8682;4482;8761;7355;411;5254;3366;5119;1967;1094;4722;506;3760;5700;4687;8964
6151;1386;8011;5238;1236;4881;4742;1219;7767;579;8783;8366;5334;6066;8817;2125;9837;311;3376;4148;6093;8206
669;2845;7601;8475;3464;5141;5869;3061;6611;1130;8567;3971;1149;5484;3936;4563;5584;4216;9798;993
2155;8749;9843;2684;1360;7504;1235;3335;6547;1569;2247;1659;1477;3310;3875;5060;9456;6955;6629;443
7463;4472;1581;9400;6343;5909;4716;7176;9856;991;8960;3967;7948;2370;3933;6703;8997;7188;8178;7390;1941
2430;4604;7733;4261;7134;137;6706;681;1930;1987;2229;8539;8042;9664;3763;9946;6215;2714;5087;5793;857
4553;2802;8239;9614;5225;9874;4241;3297;6739;1025;9758;9415;998;56;5462;7876;9763;8430
572;1618;5425;1180;6426;5686;1333;5121;8357;4705;4647;8798;563;8621;5125;8425;2433;2832
9200;5419;4584;8849;2913;6780;1962;7523;8618;1793;6136;9073;8931;2678;1414;4270;687;6274;2385
989;1992;4246;6327;9739;4031;3684;4976;1168;5742;5745;9740;519;9686;702;6342;7914;5271;609;5718;8339;4703;3977
4847;8235;975;8799;4308;9048;9241;6916;5322;6146;9963;4953;2727;6688;9529;5299;9063;2196
1147;3583;6298;5185;55;70;2015;7726;6786;8662;7731;4229;3250;7441;9245;9733;8217
651;2519;7978;6526;1381;9541;5411;223;6885;6518;1450;6225;5783;9394;4756;3593;2646
2575;3692;1851;9656;9150;7676;6883;6465;3081;4759;1754;373
8635;200;250;1009;829;7171;4889;1392;5743;8552;3976;4545;8926;2884;5870;6924;2809;9576
1891;9411;7454;9916;9942;3794;5415;1673;5092;9141;3533;1196;5381
3989;7500;1348;88;3511;4683;2628;643;6112;8665;9431;1080;4838;7991;1124;4741;453;9648;3341
3938;6261;7086;7985;7202;6258;8257;8096;6998;3730;8358;8651;4537;3350;4399;4517;7295;3467;2352;4580;9083
23;8131;6697;7604;4222;1065;6594;229;4675;1100;216;5714;3740;8278;3937;2178;6709;7843;874;3523
1138;4253;4121;3422;1714;8444;5467;3568;8775;7449;9349;302;3471;3388;2822;721;7685;9941;4785
6586;2598;6918;934;4636;5439;5181;1717;839;5393
6500;6923;5269;8254;60;9555;6174;3572;8505;2815;9351;9723;9487;1876
5167;3456;1785;8108;8266;5770;3202;6259;9391;8145;1507;4558;9533;5860;6028;5726;9106
9229;3759;5163;1210;1761;7758;5495;6190;9492;9593;1171;9146;5402;2036;7804;2009;4138;2488
6313;8310;7236;402;4691;3905;2458;4059;3935;7749;2161;1564;5246;9019;8192;5416;3269;4681;6931;4595
7125;3517;3751;1840;8025;5152;5565;3229;2382;1708;3228;4225;4145;7294;4423;8128;2867;2392
8484;4651;9703;6996;5690;5466;3962;5166;8275;6857;8197;2993;632;6913;9989;2464;8993;7131;2962;6
9412;6043;3948;5752;2298;2799
2401;2805;4592;5282;3242;3112;8677;2335;4594;3192;1635;8126;3354;3784;2407;3778;194;8135;6838
7571;4587;988;9960;5373;9061;3276;6776;1587;1971;2090;4729;4892;5250;3531;1942;6077
4645;5542;3555;7508;3319;7444;1331;4065;8006;4324;4830;1592;5251;3416;3188;1529;6252
6341;1607;3361;3954;1703;2215;8076;4277;7595;3426;3042;7150;4948;9239;3734;518;5528;4527;3415
6264;6573;7026;3457;5252;1970;2246;2105;2797;2964;2047;3896;9743;8865
3168;3115;1959;8420;9795;1245;2738;6437;4773;5309;2141;1755;7053;4816;5145;2039;9221;9222
715;3393;5457;7827;1946;8734;6823;8118;4272;8319;1144;2847;754;3205;6577;8228;2912;6385;5353;8720;8650;8181;7407;9513;3887
5263;5594;805;9638;8950;5524;4702;4115;455;6073;3605;435;266;6797;8012;1924;2139;7374;2378;7151;5499;1929;1827
8671;3477;45;6864;4655;8134;3819;5471;8899;6928;3447;5951;2861;3292;5992;8730;1309
7908;8442;3662;4774;5449;20;9857;2557;4215;8459;2375;1709;6320;7169;1141;3584;1885;1923
165;9475;4923;5768;1804;1856;2455;4541;1778;3803;4401;3843;8502;1504;8295;8056
5168;7375;2833;3442;6394;6024;3628;5980;4927;2542;1187;1158;8407;8214
1054;4887;9597;1973;6339;2157;1872;2585;59;9233;2989;6738;6752;3092;7736;5852
1649;2540;2424;1611;3336;3816;6691;8297;5904;595;8878;8202;7036;3000;3644;9712;9788;3485;9157;5287;644;3239;6719;6656;6474
3562;4247;8120;5377;3737;6651;755;4113;2380;5188;6811;1884;9601;5296;5015;4859;4837;7646;1803;1095;7314
393;9335;2174;7693;1192;8086;7877;2437;3246;7845;9846;1599;4575;1960;7400;2088;3783;6873;5874;3105
6281;6576;7881;6775;7888;4317;6911;4093;5370;3650;9961;3159;5685;9407;4255;9356;5688;2978
8195;147;3804;2561;4102;9966;7032;8383;3821;1666;8098;5046;5054;1843;4111;7620;7755;7987;3370;7401;8448
4800;1800;6315;1914;9246;7167;5873;6005;5005;3591;1774;2284;7795;6036;6978;8748;1215;9716;6233
160;9108;7652;2972;2454;7739;8307;2350;4105;2762;7232;7675;5640;485;2250;3015;7230
4911;3444;307;6377;3086;1136;1695;5551;5664;3299;5669;9952;4461;10000;4619;9072;8184;4562
2190;9984;7757;6078;613;2648;865;3616;6781;9884;4945;2651;6564;6083;922;8478;4382;2615;8378
2997;4528;1074;3037;3152;6548;8844;4402;7610;6771;248;5404;9925;3571;7986;2880;2113;8576;1759
7853;9585;1948;5824;3173;1832;3538;5994;2406;3595;6735;2531;204;115;6506;1685;7485;5122
8565;5131;1453;3966;124;6214;2383;9074;6065;6270;920;4112;1016;7565;8943;5550;4002;8092;6772;7981;6874
6732;2946;5723;5965;9881;103;321;7557;1588;1164;5603;5397;4236;3758;6946;9550;8933;9577;3049;3491;497
861;2046;3305;692;1531;1179;6064;7712;3726;4201;8052;9674;6702;7867;2085;4662;5270;297;1838
8332;6686;8805;5823;4393;1030;2501;3317;9292;4057;2760;3823;623;7746;8769;7922;714;4167;1099
2294;3449;7974;15;4735;7450;1984;3278;706;9968;5366;3175;5217;5964;2719;4045;2329;7994;7301;3623
1301;8518;5526;4588;9527;5351;4106;2700;2360;8087;7383;772;7255;6029;1101;4339;51;4769;5352;2826;6850
3931;1027;5451;5006;1485;6899;5831;7029;1490;1915;5920;3653;5915;7115;1343;5899;4312;8678;134;6367;9217;8888
7631;3752;6205;7227;8909;2494;7424;875;532;9841;4051;9153;5535
9818;8597;5286;8124;8589;3255;3885;1617;5470;2398;3151;7041;7359;9610;5472;8110
257;9756;182;4696;5892;5126;7129;8342;4281;4989;9858;9005;7533;8634;7583;2181;4650;2624;5995
3008;5161;4865;1474;1460;8312;8531;9079;377;6810;313;4477;3854;6705;6349;4003;7206;6329;6917;1335
7869;9110;1723;4168;9312;784;2782;5613;4614;9774;9729;4030;5398;7273;8090;7623;6116;6375;1729
3318;3291;3334;4719;4471;304;2354;3672;3708;2795;9902;4018
5590;5906;7982;306;7073;1185;7243;3851;1922;2509;1367;3832;5830;6964;9186;8170;6597;7813;5692;5767;3699;9769;190;749
9261;6552;6830;2479;5431;9511;6583;7329;3765;4924;6843;9135;6796;7576;1377;850;8117
128;4415;5124;1511;6938;9762;2334;7021;703;9928;2746;6458;8693;2286;6679;7276;6241;5064
4971;2379;2192;553;8426;4207;4403;7698;2016;7705;9912;782;6993;9176;7819;7372;3401;9102;5300
2530;1667;8104;2840;8710;724;716;1822;8561;6114;5249;6640;6798;224;8169;1268;9298
6158;4931;3856;1563;5853;9347;5034;3619;3522;8200;5091;1579;9031;6554;2167;1388;3806;7773;2402
8467;9683;8251;705;2021;4088;3998;6624;2206;6962;1590;3142;3290;2006;1809;3364;4046;5201;1744;8755;515
4762;5025;8611;4491;5941;8922;1521;5508;7108;7094;2477;5792;2914;7515;2191;6428
5171;8017;9870;8657;9749;2785;2131;1288;337;1933;8520;4920;3786;1616;2798;8517;4622;1743
7543;9566;2937;6920;8244;8724;2876;1781;5973;694;4079;8380;7940;5004;868;7594;9085;800;2763;1716
7554;7097;1037;8034;1266;6610;6965;747;5191;8477;6097;2947;7350;5156;7058;3121;281;2244;8979;9016;911
1035;8392;1073;9608;1390;4184;6905;2750;6959;3798;9352;9731;7307;9964;4463;9516;8778;1886;898;592;6023;3775
5274;3965;2023;940;3254;196;9957;3365;7958;6234;274;8373;8987;1624;4677;4840;2656;3914;6598;358;3189;9471;6001
5504;1850;9694;2057;5455;2650;919;4294;7091;1544;2928;5601;2128;2480;328;5483;867;9130;2578;9444;5972
9796;6756;6251;8318;4877;14;1096;6017;5007;3858;156;2227;6131;5487;5503;2349;9159;5889;6741;3996;483
740;6217;8072;8594;3847;6750;7814;8532;1456;279;7;2203;7864;2309;2333;6683;707
4797;4576;6795;8500;5695;2892;2274;3210;2835;3703;9780;4120;8149;5372;8300;6622
3262;2788;9747;8335;5912;6489;7790;8252;6729;1251;8925;3001;276;1440;8132;408;5720
7012;4368;5856;9385;8068;8628;2906;8398;7747;5058;2345;2330;6371;6134;6467;792;2702;3383;5537;8069;2681;4921
3811;9044;2871;6538;4871;4446;50;5389;4341;8487;3280;3909;9080;856;2566;3993
8296;3248;6020;1894;8762;8837;486;2838;567;3904;8283;2146;7953;5732;2327;1550;9220;1319
5862;9483;1513;8326;4699;4546;422;4996;5744;1647;4583;6950;1234;3664;5215;9147;1909;6617;5062;2633;6471;6164
4083;2170;3898;1305;6588;8601;8764;5135;5952;3895;6762;2404;9775;6758;8668;2158;9446;6782;7235
4646;7761;208;5825;5789;5703;2758;2;6674;8792;5368;9783;186;4543;1860;8774;4266;9532;9234;5490;4041;8033;5179
6947;4103;6728;8269;1021;4344;9688;7435;5969;6680;9817;2204;3634
6184;4798;5607;9454;5645;4427;2445;4591;607;6659;2687;5795;7212;8732;8972;4424;2180;5532;3166;8403;293;9720
5081;8471;3331;1358;2338;2254;8885;3230;2528;5279;1015;2533;1115;1674;8882;2801;8153;5479;9545;9482
4299;7546;2837;848;6665;8314;7513;9875;8870;1786;8389;234;7627;2255;6767;8210
9709;8113;3678;8077;8166;8905;4868;1202;6357;1549;2484;2601;3017;6560;8245;4139;4919;3552;2188;6142
9099;835;6102;5579;7035;1291;4107;4314;5841;8913;585;1738;8351;3224;4685;732;1890;2288;1046;5570;9609;9274
2543;3869;5654;9;8179;7292;5963;2042;4657;2675;1609;5580;4791;2130;1336;4274
8040;2133;630;7216;4743;7466;8653;2440;4335;3264;1795;1287;7608;8951;7725;955;8578
4946;8402;84;3195;1275;1613;1718;6787;7417;8639;2223;794;8983;4146;6197;1847;5345;7575;1128;5095;6765;2794;5678;4011
7418;5801;8237;4497;1454;8291;1469;1417;9021;2485;8763;9196;1293;4841;2911
4998;5047;7421;8743;210;6302;2052;8709;8051;2470;8122
5165;7286;6062;3835;2073;756;4212;6404;8835;8717;3131;4975;7723;9655;7326;5154;7318;7388;8585;4581
5966;9327;4712;9455;9772;7895;3824;3721;6326;9254;8895;185;4695;5619;9093;2602;3959
5430;3438;8010;5183;2901;8219;7874;5517;556;2554;9564;4601;8740
2715;1848;2596;5896;7356;6157;7111;6321;9367;5043;1986;38;5014;8858;7455
7379;2753;4850;2844;8812;964;9561;5581;3417;6834;326;9177;407;3;7612;9380;4780
5615;1465;7798;8788;4238;2732;3127;7007;5447;6569;2068;7759;5829;7859;4955;7696;7143
9715;766;4119;6643;9518;5160;7714;3119;5846;1148;2858;8976;550;9616;8672;4611;5940;9641;2874;4757;4171
3045;641;2243;8992;1428;3639;6504;5024;8948;9066;1197;9459;2834;5660;2126;8735;9263;9678
3654;3484;3689;4170;7334;4555;2249;6032;4724;977;2863;6757;8255;8125;3191;6878;9880;339
872;6098;9761;2482;4851;155;8610;1028;662;32;5452;6550;1653;7970;4043;6976;8432;6226
3339;3601;241;1126;4666;3544;5319;8940;469;4625;8810;104;1600;5780;2242;4391;8168;7636;298;9525;2000
1515;9500;5716;2177;9515;7556;6563;3002;252;1954;8260;9510;4173;5133;649
2949;8891;9558;9575;8545;1107;1306;4882;4899;5698;9244;4959;4035;7060;3029;2222;4644;1925;4219;6336;9906;4036
631;2429;1049;2538;8494;9771;5445;9669;9043;7159;5268;2603;9172;1919;1947;7516;8966;1357;1204;7967;9039;3174
5097;397;4118;3258;5991;6124;9007;1623;9536;8967;8524;5979;6746;3543;7037;1491;2940;8489;8935;8842
1751;4194;2233;7442;798;6671;3700;5222;7090;827;2325;9202;7697;7511;9494;8599;1792;2881;7387;2096;193
5290;1250;4169;5827;2283;9626;928;6530;3724;2955
8470;813;9065;2784;9129;5826;3807;2384;3418;6519;2724;8349;310;5626;5223;7882;2435;1950
1466;3126;7501;1429;4803;8364;336;4540;9830;1496;4132;7084;2044;9950;9304;725;2683;6350;1384;6388;917;9632
449;1256;4628;7347;1296;3021;8486;1829;1681;5844;7578;7483;4373;9746;9164;6238;4640;536;1704;5294;1522
1534;3892;8194;9230;6770;9897;508;6527;3167;5237;7603;1278;5977;2897;9465;8738;6963;2606;3176;3458;5637
6213;8649;2769;9647;1398;628;5105;1270;8231;6768;118;9053;5774;2438;1976;2735
8233;7975;9982;1272;3419;5278;4659;1154;2026;526;3508;1722;5221;741;9528;7701;3091
680;5013;4508;6827;3298;6362;7113;7163;3782;4842;4351;1405;4894;9295;8666;7566;2841;4567;2505;5536;4078;1794
7402;4174;145;4273;2816;4097;5647;9008;6412;3579;8079;534;1079;6128;3257;3386;1700;6442;4067;2926;1082;404
7482;3528;1194;1775;8570;327;2478;761;5982;8916;7403;7261;6319;9727;2862;1779;5571;7459;796;4438;9501;2811;8629
2176;2212;6936;2512;6061;5197;8320;6898;8248;8654;3116;5722;1852;2308
5689;9854;4094;4668;2672;655;6755;5822;7178;6406;2153;9811;2108;3549;6449;8057;1516;4056;1568
2461;4603;3474;472;2238;855;1981;9087;5622;2733;3997;491;9369;561;3739;6572;7360;9554;8766;1634
6110;3597;9316;8990;2314;9611;4426;2518;4023;86;5032;7768;154;348;1949;9939;2159;4159;4443;482;9900
2737;5219;6176;3872;2025;6817;8094;5901;7221;6242;2452;1059;6111;1026;28;4242;6856;7210;8388;8591;8209;2896;1193;1758
5399;4986;4496;4033;1111;7596;3691;9730;8896;7386;6004;4609;4292;8490;8631;7484;111;1435
4526;5755;8394;5284;9346;1808;3793;4822;7081;4753;3697;7346;1299;608;1229
9512;2490;8190;5198;3154;9823;9983;1041;1252;387;9625;1706;7253;244;7823;3381;2852;132;3062;808;670;3608;5069
439;1684;9690;2706;6511;2412;7001;7936;4017;6972;3645;9829;8419;3774;9467;9257;8377;7166;635
6203;9225;7489;7064;7371;4323;4846;6068;8932;5606;5835;3849;968;8191;3881;3277;9599
6807;6625;188;2744;2121;6277;7964;4997;2574;9120;1431;9596;354;9546;1818
6204;7343;7460;2373;779;5180;2642;7247;7536;2804;8456;1839;264;1819;7577;6038;9998;783;2562
1636;752;6734;4087;9794;3315;8309;3980;8958;5868;1871;7168;9275;4826;2175;7653;8013;3831;451;6616;1820;7695
1888;9321;4758;2523;1157;4726;3243;5967;3505;1220;3207;8159;428;1498;7034;460;6562;4285;2778
7451;7293;3867;4533;1593;9122;4408;830;3667;3808;2756;151;7532;8189
6090;4070;5224;8938;896;2640;6069;1067;693;3957;7010;736;8250;1356;6751;7348;8696;1370;8138;5344
8404;8586;9956;742;7524;5333;586;3822;6202;291;7324
9488;9154;7209;6306;2634;2970;1341;2475;97;6335;7433;8276;7832;3711
177;3702;7684;9121;2953;1608;9331;2593;3788;7488;851;5925;2019;6183;8815;6172;9226
5207;8790;6463;1462;2939;7944;836;7799;8829;7065;5117;4206;7465
2214;3241;3927;1135;8367;1765;6534;7062;8137;3322;6764;5229
2774;4781;1493;8607;9745;9309;7535;7172;3023;9750;8669;4665;5288;2864;6210;6376;764;499;3463
2038;7397;8711;8064;7555;440;4077;878;6149;1286;5890;2414;3746;3475;76;9629;1354;3722;3274;1560
5202;8699;5077;1289;9201;7063;9322;496;4385;1407;2416;6165;967;8721;5621;8112
3829;7984;1756;7935;7248;7870;9955;1120;2718;90;9018;7260;6912;1133;7715;2965;6307;6778;1322
7083;5651;6956;1831;3268;5213;2663;412;6785;6263;904;781;1701;6473;6255;8970;4095
5144;3866;3063;7006;2272;8727;1542;765;6632;6587;8236;9402;3094;9592;956;1482;3515;441;2586
2207;1166;7821;3557;7187;8447;1176;9755;1244;8423;3308;1698;6647;5820;9105;5454;8406;4378;7144
8479;5234;9209;2952;2199;8952;2608;698;4532;2662;2740;254;3136;1231;3507;5486;6297;1052
1509;2890;9927;7222;7829;6922;369;74;6300;8608;9979;605;9557;5771;4042;8139;921;5340;9435
2563;4469;1327;6561;3799;8564;9993;5724;6516;9770;9030;2549;5832;3527;6997;1425;7744;8998;4937
9360;5519;2305;4412;187;1664;7284;3855;1615;2936;3004;285;6508;5523;6593;6994;1776;5959;4932;4972;4039;5694
3790;7130;1352;3991;5327;535;950;5361;7913;8982;3719;7826;1068;8864;6167;2856;566;9161;3886;3776
6919;1304;7149;571;6650;3430;3842;575;1707;7777;2961;762;9410;4856;6846;9086;9203;844;6231;2226
8917;5190;1315;2200;242;5494;4074;6239;1230;6875;9992;1541;4381;6284;7044;6837;2289;2326;7510;2666
3222;8918;4151;1308;7965;1393;4394;7137;9899;7720;3588;612;8712;6700;9256;9940;3659;5041;9294;2729
7127;5084;2124;6558;2220;581;2839;3766;2969;9333;9088;5316;7018;442;4375;2367;2356;1983;3400;1715;8463
2466;5818;2929;2521;4720;5155;8164;2346;4852;6191;6173;4956;117;9622;1713;8431;7941;1873;809;6876;2754;12;3193;6879;992;1132;666
9624;6311;8827;3078;1300;2761;685;9898;6346;7296;8152
3701;9248;2487;2089;37;4005;2950;8555;577;924;9922;8032;5814;6392;758
5138;8322;1088;5553;9530;2182;3873;8384;4520;191;5148;2921;3483;2992;1213
2012;4296;7476;9418;6265;4029;4879;6200;9425;301;8921;5838;4348;1415;9023;2739;8031
753;997;6820;769;219;5331;2201;361;7780;4771;7215;5228;3387;4910;6967;606;4643;7841
6848;6352;5655;9259;7181;2879;218;6421;7638;237;8253;690;4321;4049;7906;6292
7681;3553;7156;6675;5715;5602;7092;1058;4372;5088;9324;4092;7679;7635;2299;5562;5864;2468;4414;4379;1691;3010;1106
3413;7730;7833;8441;9495;4117;2720;3076;7952;13;9855;927;3169;9433;1551;5840;3378;4175;8163
1198;2886;8344;524;6462;2186;9062;9406;8434;57;7217;5893;1003;6853;1092;3813;5093;4425
9479;9507;5072;6071;267;5911;5265;4777;416;4843;6986;1536;4876;8637;1161;1963;4122;9119;181;1821
6273;4551;6275;5907;6435;1796;722;8201;7204;3183;512;5468;3559;3216;7756;9850;8317;3673;8848;1602;6524
5663;6422;9935;5927;5993;2059;26;2014;3687;6107;5928;8627;450;7308;2160;2184;531
5997;247;1530;4434;2968;7477;1254;7537;7056;3540;5805;1740;5986;473;3281;9588;8850;3024;3589
2506;7426;9786;2581;4573;2397;1199;5548;8592;1281;7241;6127;6021;3771
2842;7085;6532;1836;378;8625;2013;3054;2256;6087;5061;1459;7891;1979;7275;2319;1240;978;5158;3221;4319
5680;2986;7677;7639;9890;9210;8786;5396;9864;8503;3815;3285
6515;1253;9009;9650;9212;5174;845;8465;9168;3941;6248;6348;6247;902;3729;2275;5142;9800;322;7224;6766;5617;4977
5115;6280;6958;8050;6648;9607;3165;4055;6415;689;8371;6138;4180;287;2018;619;5620
3542;7104;3741;3282;9581;7737;9278;2995;6628;2224;5477;3792;1165;6948;7531;91;3674
2307;6022;3064;1882;2209;9728;7642;2592;4334;3680;2492;8714
4263;8537;7933;3942;371;5008;8247;9904;3818;7769;5283;2409;7629;9753;9760;4832;8569;5272;7298
3494;9247;9604;7443;2829;3714;7902;3888;8390;1938;6309;6451;1127;9156;209;4656;877;6832;8229
5932;8480;2677;6363;4400;4233;1283;3384;9640;7457;5766;6351;3325;5867;8280;7979;7599;3014;7945;1489;5063
7900;2850;2870;112;7787;2282;1557;4746;6440;1269;1934;5612;9194;1753;320;5779;2660;3756;7316;7432
9744;8144;1877;3040;8758;7771;7645;697;7257;3797;3396;3247;1227;3303;6496;7067;232;523
2620;7521;6120;3143;7493;4938;3694;9182;1408;5533;2817;2747;7331;9169;665;53;9821;98;9034
4775;9802;2671;3671;8273;5625;6866;8303;3509;8018;3312;243;7527;5453;5317;802;8003;8746;4967
5754;3755;1280;2998;9219;1223;7886;8937;3077;7074;1216;3863
9250;8381;8797;9227;4452;9370;1262;5134;3084;6805;6668;5697;8923;2619;6631;7538
3587;5578;2711;8063;6364;101;9662;6419;9657;1081;66;5948;5099;5699;1442;1089;140
9661;9116;6816;7905;7665;2030;9974;9676;1862;4318;8523;6187;2374;5301;6906;7678;7930;5887;5990;206;9876
6698;8583;4754;9714;1997;9893;9395;8807;8415;129;2590;4952;9810;4963;6398;8697;3249;8002;1209;4418
6199;6574;2422;2462;3363;1325;4429;374;6305;7019;2489;4388;8445;3272;1162;1562;8747;9451;3643;6740
4158;471;3513;3666;6608;9710;2787;2793;9464;840;4405;3300;2082;4032;47;653;5837;1207
1297;4071;2232;3135;8551;39;2149;854;2060;1902;4925;488;3594;938;2295;3333;220;8707;4968
258;9579;587;6074;5153;2439;8450;1444;9143;2544;9297
1371;6932;8957;464;6228;8516;7495;551;7066;7237;1344;1277;2933;5933;5478;4196
3844;8685;1538;9885;6860;2395;1770;3288;6322;2259;559;495;2786;7342;5741;7467;3686;2607;9214;4354;8154
733;8873;6185;8000;5592;4808;7863;1670;1766;7553;7234;2369;6749;1655;1302;3638;3353;8476;7052;82
8941;9742;1737;4367;8855;9767;9469;5328;7724;4486;5727;6615;5356;7839;5910;6276;8504
9537;7872;8676;9091;9397;4809;6196;3981;2172;1594;5725;2887;7464;8315;6072;4413;3525;2694;4764
2693;4970;1330;906;7317;3949;6654;5609;2067;8616;743;7846;3097;4487;5888;7213;3499;100;6570;349;7719
1633;8091;2104;8557;2372;6523;9591;7963;3876;9409;4663
2336;995;5500;6731;4849;3410;1063;5985;7514;4723;6812;4539;1334;282;7851;8920;9289;4140
5610;8008;5104;7229;8334;5306;3460;9932;4853;3435;2219;7815;2311;9114;1974;9735;2476;2676;2269;4569;3036
2063;2135;4514;1812;4301;890;1777;7154;5942;4309;7079;4907;1907;6218;4634;7313;4165;4329
7491;7011;6888;481;2257;7023;5329;4891;5656;5983;1835;6044;3541;8759;5195;853;3434;2093;1861;9090
9620;3870;8999;678;2469;8754;1870;9878;4192;5281;7956;799;2426;141;251;4131;1787;8590;5696;323;4641;4316;6658
1574;3392;5303;4912;1463;8984;5881;7239;9326;3713;4061;466;9481;1927;9181;4888
1445;1697;8684;9522;1752;6661;1750;5861;7380;2496;8047;1420;3039;9751;4224;8038;295;6334;6520
599;7096;3860;9478;3481;5231;8692;8652;4450;4918;8022;324;7856;2688;2098;5717;9692;1910;4790
1017;1883;9377;2267;1772;866;3232;1246;6835;6002;7078;6318;4480;1318;4012;2179;7584;1347;8080;9131;8879
8146;1181;8270;3607;739;6198;2486;2411;2597;5511;8541;7742;3754;7825;3043;2558;6045;9342;2550;1048
6003;4915;7325;3022;9336;1087;6365;2959;9828;329;8846;7490;3670;1632;5988;8624;6773;9054;3982;7173;4794
7860;7049;3005;7618;4085;8186;4190;2653;3610;6821;6525;239;3489;6027;3013;6050;4249;9338;8686;7277
578;1625;4197;5587;2366;152;2134;9308;5811;1172;3658;1622;230;6815;7132;8;2008
5631;8928;205;1214;3648;2734;3532;3031;7903;5245;7598;6966;3577;4686;1834;265;7972
2587;7836;6862;1798;5337;7082;4861;888;7364;2934;7291;6410;341;5894;8428;4025;5772;901;5557;5459;3145
5192;5048;9011;1671;9799;3391;6113;7382;317;6531;5444;2647;7858;7923;2473;331;4950;4788
744;5935;8227;3889;1416;6461;2280;8643;3768;6304;7624;9930;8613;314;881;4455;8703;1892
5385;5275;9860;5643;1412;5974;2686;4498;9866;9909;4459;9639;3973;9049;5712;8298;1825;2526;9594
7225;8900;1524;6645;5598;4101;315;4432;7394;554;1257;7332;7754;9926;8733;2413;3802;8226;9035;963;7315;4495;773;2355;5323;9792;6354;4613
468;9013;5051;6971;9976;2218;3009;8421;8284;849;6391;1014
7847;8413;7055;1692;9718;5975;5422;9503;40;7046;5070;2595;4900;8230;3046;9726;4736;4854;3196
2094;3198;1042;588;7954;1846;5390;8768;1184;3738;937;4;48;5567;386;949;5618;4130;8723
6040;2935;9687;8876;4802;5704;319;253;7796;423;7321;6666;3329;4126;5157;2682;5438;5107
1203;3817;5182;8481;2589;3404;1345;4214;894;871;2420;9447;494;3932;5136;8232;9419;249;3769;1060;885;9167;7691
6095;847;7087;2632;1881;5753;94;7688;1510;9376;6567;2483;4289;3502;8053;7896;8824;4577;8507
2198;9563;6491;6847;5659;5378;562;5164;2691;4181;1366;1029;3950;6995;7395;2641;1232;767;9375;2465
5706;3124;3360;445;3445;7943;7647;6130;4200;262;7762;5710;7753;5769;9037;1140;4199;8519
4749;6983;9424;4928;8492;8822;1206;2536;431;1711;6968;4792;9193
163;6047;1379;2920;7526;6713;6934;1139;4252;1937;5030;4322;1023;1899;5321;1406
1565;2889;2304;9535;3080;3865;1854;3834;3123;9423;2508;5642;5173;105;8954;3748;7962;3129;2296
7574;5128;9919;6692;7960;6397;8800;5819;7607;661;9980;6600;399;4064;7929;708;1224;5546;7170
9574;1747;9104;467;5802;470;8847;9123;6269;3716;6803;2556;3516;9872;8499;9903
1543;9660;8702;5719;8648;5501;5572;4531;6446;1499;9330;1294;7423;8287;4389;3604;4360;7651;1263;1265;5232;9737
268;3459;5410;4490;1621;2752;3096;797;3951;1190;3161;1013;2875;9205;1267;540;2922;4635;8513;9484;4985
8675;2854;7502;3900;2731;819;2100;2032;2290;4936;4542;7785;9808;5960;5312;9508;433;4494
3574;1182;8399;9666;8968;7969;5436;7996;8784;2855;1389;9590;2529;3287;2027
7687;2956;8387;3663;2768;6718;1189;9831;1097;5644;1183;9741;5443;9401;2664;1500;2152;3826
759;1034;2726;3450;222;5493;8429;7059;8981;2163;6790;2555;1527;7180;791;4195;3853;9476;2216;1537;6549;5200;2300;5682;9490;4068
4125;7899;2261;3053;2142;8571;3592;8673;6103;1186;4917;4513;3487;6455;3767;1424;6627;434;9498
517;4568;6290;2266;3745;8568;7644;7245;5855;7641;9543;3800
2917;5597;583;3018;1824;3382;4333;5218;3158;3408;3500;6896;4409;3153;711;6042;1742;6154;5009;5204;4276
178;3219;4363;4730;5929;1374;4737;7600;7471;1654;1837;2803;1773;8579;2504
6476;203;7898;8742;4579;2248;1167;5094;6439;9381;5020;9290;8355;7393;9700;7995;166;5734;5630
6162;332;8903;8789;7585;3520;5563;4760;7505;3707;3177;3696;713;9970;8196;3877;9094;3791;9026;2273;5258;7588
5833;9067;5017;3451;4731;2759;9334;5090;3679;5441;4024;3657;6180;1380;4204;9621;852;30
9050;6672;3985;8553;7155;2981;3139;528;2849;2572;6212;3913;2944;1033;1814;1361;8814;9929;9171;6678
6891;3397;8630;8771;107;1801;2328;2129;1479;429;5428;7961;6953;8272;7368;1018;7280;1686;2570;7925;3085
7748;8617;8713;3048;8512;3265;6450;9268;582;5273;1143;1346
9075;7481;5923;3850;7861;6418;6609;8779;9825;5379;4021;8549;9943;1387;6737;2337;6774;7885;8944
7519;1332;5566;8832;959;7161;8690;7616;7302;5172;9627;6839;292;8930;3448;7563;9113;604;4297;1878;2780
7192;5777;3647;7894;9042;8522;6293;6858;9583;7101;4994;2905;4345;7878;6317;7734;3390;1175;2604;2776;1585;2865;726
858;4505;2697;2303;9894;3412;4353;8337;6117;492;1400;6453;8177;9291;8700;2820;8156;1893;7303;4300;6507;5945
5360;9654;6512;4209;1535;4738;503;5033;778;1994;8644;5460;7499;4627;2323;1730;5558;4649
3304;2639;7810;918;8877;7453;9606;9651;6012;1145;1833;6854;8588;4421;3342;7263
9521;5469;6605;2187;8188;3915;2924;4016;2241;828;3501;2918;7857;9232;3599;9605;980;447;9388;1826
6655;6714;333;9438;4862;8172;1816;6393;7957;5515;8884;7926;8372;983;1857;3862;9693;7939;3472;2637;3761;9812
1338;2156;5475;2584;7135;6886;2381;270;4992;7927;6295;1001;4559
3777;2205;576;7854;4906;1150;9784;7434;5556;3099;9873;9953;2783;668;7100;406;8598;296;969
891;3453;9685;1614;6409;9562;7351;9195;9713;2377;6721;7911;3986;4052;9572;3518;96;9732;1566;6048;9938
9851;3718;35;4129;5085;6193;261;484;9887;2659;1178;5775;5646;9867;1403;9033;6161;9933;8458;9051
4530;8501;4715;8386;4890;2169;1520;2183;1383;6420;6537;8980;3642;7197
4761;7640;1887;131;7784;5999;41;9179;2265;9848;4026;682;367;2034;5086;6104;1324;6493;9879;3837;7265;8820
3214;3440;8082;8436;7016;9138;8562;289;8751;6144;9264;3130;4290
1226;4957;4311;4250;9458;7310;3137;2324;9211;4361;1174;6372;7920;8045;2823;7205;9320;2075;5019
504;7238;4386;1503;3462;6091;8534;4706;8604;2655;1689;1320;3529;8279;9357;1495;2931;8410
6448;2898;1746;647;5810;1705;6445;9228;8936;6084;5677;882;4462;6585;1355;2825;4642;727;7497
8464;6808;4836;4054;8171;5285;2539;2173;6505;7807;221;5016;2078;3919;9833;1868
6777;6793;4485;5561;771;8705;1368;2194;9251;459;9571;3930;6122;3098;9757;2553
6310;4596;1799;4442;7573;4104;6323;3259;4689;1683;7478;5582;6407;8612;8803;5721
4286;7763;7160;3407;8234;3271;9279;3717;2857;4476;1603;8781;1053;228;8162;437
256;10;1451;5934;7518;8825;8547;7632;3827;1889;8718;2532;1312;9002;6479;2685;3446;5089;4374
7486;5427;3891;6486;493;9682;6108;6730;8821;9901;2514;3590;4191;2165;171;5450;6100
3917;863;7660;4747;4969;7304;6498;180;8277;5325;305;1741;7439;6553;3476;8198
4973;757;6571;6840;1626;6940;3089;3683;9807;7269;4516;7462;9310;5310;6494;9951;2622;5227
1276;8544;5961;9615;5446;8014;1494;615;1448;4153;6333;4069;3773;2626;5474;3789;5037;1464;1817;1936;1255;9991;9526;7024;2951
8947;7971;5076;981;8546;4504;8655;351;7892;8991;3252;1554;8904;9844;5362;4839;9701;9450;815;3929;2276;6271;4578
5600;7242;6551;2237;4864;9892;7226;3186;3626;4343;6374;505;8831;2002;2102;9969;5761
3469;2916;226;8020;1802;3956;9315;7611;7976;4692;570;8833;2291;3953;9111;1935;7413;9859;7123;7061
9437;4951;1098;4571;5498;7406;6063;4166;2387;4332;6859;8719;4778;970
1757;9160;1146;9791;3156;6211;184;7095;5022;9132;2076;514;3157;976;1222;777
8048;914;5543;8325;4589;3546;8924;3470;9548;4014;6999;1064
5949;1055;6945;5473;5055;2500;2613;5120;1896;2028;7615;6897;8956;7126;9012;810;8157;6444;7003;64
6925;5206;2417;5575;9504;9000;957;6464;9803;2061;7828;1439;7572;7431;6031;2766;3646;5059;6303;7912;9421;7932
7992;8408;4884;246;596;9473;7844;6475;860;1069;4943;2623;4965;6589;8089;4658;9531;3570;1620;1228
4718;1807;5002;6743;1271;2999;3120;1012;7020;2362;8001;4220;9595;4935;5140;9350;1455;4028
3217;2119;4818;7345;646;9281;2252;9944;513;1434;2342;5806;6345;7050;144;2368;3871;7713;5693;7551
3926;1586;8167;8474;1264;7002;2977;6186;7437;4453;2481;21;6882;6201;3437;8401;390;11;3347
5545;6499;545;5650;7959;1108;3652;2432;80;1911
330;8049;4155;1153;5588;9098;6644;7711;4260;1195;5044;7669;5395;164;4489;3141;6580;9779
395;8813;654;9070;1314;3940;4909;8336;3928;7625;5078;355;3534;2708;6229;2040;7105;2903;7637;9175;2120;2396;8311;7412;6915
1788;7890;207;3630;2757;6282;8620;3455;9911;7218;9549;1908;9170;7267;5116;5380;6614;7447;1859;2511;1418;2610;6355
1295;1457;1084;6646;5885;7506;4384;537;5003;1977;7928;7028;2351;4358;6575;8397;9988;9719;9354;4208
7968;6701;6559;1710;6147;3306;2410;2885;3984;8114;7014;7319;8773;7999;1577;7541;283;5757;4710
1142;5736;1988;6935;5758;2560;3093;8261;85;8396;3681;3016;9192;8097;5847;9109;6082;886;425;4500;5260
2775;6845;44;2361;8787;1845;2649;5595;363;6257;5176;5052;8691;4602;3003;7648;6621;5491;430;4652
217;7496;6452;5512;8073;2443;202;2164;719;5544;1394;5350;5367;7120;3884;1830;7309;1362;5530;8438;7674
3162;5100;2958;6129;6179;8067;4050;201;8506;4313;4512;7539;9345;421;3563;5497;5293;8222;3617;3220;278
6384;6824;931;9184;7667;4020;5067;7344;1385;760;4582;9959;4044
3830;6018;6825;7656;3695;9524;8856;916;1995;5981;366;8874;6039;5297;3070;9777;7384
3313;5653;3641;227;4617;4010;2635;238;1672;4128;1410
3065;4624;4369;2767;8305;6178;1005;7670;7027;6869;5348;9485;8581;1397;8894;9285;123;2302;831
7586;4282;7353;7165;2037;9839;945;71;3421;8127;4688;9649;195;1650;3263;3025
8606;5513;4072;4661;7889;3621;2225;5259;5540;5109;6667;2077;5502;173;5796;9782;1083
2728;4748;9218;5320;9653;7158;2471;6868;1844
4143;9869;9877;4114;6296;4243;8889;7657;2878;8369;7369;4307;543;7692;4535;737;9092
3104;3452;4460;2895;2910;6123;8729;3580;9809;6533;4231;4750;8306;1323;7580;859;7770;16;6181;7735;2231
4397;1532;365;4982;4600;7297;1953;4245;746;1337;3144;87;5308;8584;9987;110;4176;8622;4232;9636;1112;9822
510;7721;1402;8440;5922;6720;4962;7408;7373;3712;9373;4740;9284;9340;2670;7013;8782;2923;3150
8687;8061;4451;4154;1875;8111;6266;8575;7654;6330;157;5871;5788;8338;3155;6237
1066;1702;9152;1422;7550;601;7662;6366;8863;9652;4371;4326
5828;8353;2394;8457;8150;8834;9293;6481;6026;7089;2982;7456;4776;9827;8242;146;660;6232;538
6381;4395;409;1780;3554;3675;6019;9628;1399;9296;1660;2525;1502;1421;1546;7689
9262;9766;3320;4291;9207;4288;627;5011;3011;7300;2831;8411;3566;5525;6135;4799;5785
1131;3521;6988;1156;3556;841;2234;3603;6119;1578;3558;812;3704;7392;7990;9398;1047;8422;3530;4829;8750;4708
1486;4721;1980;9235;986;4933;8659;2498;8215;5576;6880;4466;3420;7428;5534;9691;3403;6903;5968;9934;952
9343;197;6599;1478;6008;4082;2517;8185;548;9820;4874;1648;2087;5836;6822;6715;838;8030;5098;476;7322;9077;3236;7193
8901;4357;6016;9197;8143;5244;5289;5147;5815;1078;2751;6485
5762;2138;5429;7820;1630;5463;648;4430;7214;7699;1151;7663;7567;8391;6712;8046;2024;417;5608;1978;5662
9491;4439;89;2217;7389;9474;1160;4867;2860;3970;7552;6673;8483;5668;1612;4239;7199;5392;5946
245;1427;6000;2441;929;8596;9223;5341;288;5480;9587;2806;8028;7650;3606;4275;3975;3106
549;8099;4027;9948;4262;2819;2716;6695;8843;4492;8638;6744;4075;7119;2770;6689;8385
9748;9307;3514;211;2358;2389;1043;5939;8528;7766;3586;4336;5203;6630;1426;6699;5080;2285;9165;9060
2315;1217;7183;8726;3132;3762;9696;5803;9305;3389;3946;1606;1696;1583;9056;915;9493;4038;1480;1085
6413;1972;1484;8595;9174;5632;5531;4693;825;6545;9337;3480;1651;7788;1321;7808;2930;3275;1090;4926
4787;4707;4244;6425;4346;7672;6639;5401;9920;951;4237;3600;7626;5073;93;2836;7136;2344;3573;8070;9586
734;1688;489;8424;7875;6033;338;1233;5521;27;498;6501;4185;7429;4509;8119;6591
6881;6053;4898;6301;6468;7622;7834;4993;7112;939;806;2316;8180;5784;8838;8435;7305;6557;7587;9253;8142;4280;9058;2347
7613;1721;334;4037;8009;9136;8626;2447;415;9115;1916;3170;7057;3669;9704;5509;6901;3897;5421;594
590;4620;9166;9430;8059;5343;2814;7354;4783;7862;4949;1646;2749;8511;114;9112;2742
5000;8841;3208;1828;676;4834;5583;438;5958;9886;6657;1982;4554;418;2493;1102;4934;3113;1259;6159;1036
1627;3082;7683;5707;383;6140;461;3720;6663;6921;1378;1725;2137;113;9078;7966;33
1853;7270;7955;6160;4084;8875;5240;3960;1990;6101;811;4091;547;7852;1719;3995;1865;413;3349;1745
3801;9489;979;8535;3213;2321;6035;9148;1062;4134;2571;8316;5616;2973
